data,data_more_info,nome,genero,endereco-arrumado,lat,long,tombado,link,iphan,fonte,tipo,materia,condeph,conpres,autor,endereco-original
2004,2004,Memorial Carlos Marighella,homem,Alameda Casa Branca,-23.5662,-46.66015,N,não consta,não consta,DPH/SMC,Marco,granito e madeira - tronco de árvore: tipuana,não consta,não consta,"FERRAZ, Marcelo",Alameda Casa Branca (altura do nº 815)
1957,ca. 1957,Homenagem ŕs Artes,não figurativo,Avenida Adolfo Pinheiro,-23.63809,-46.69577,N,não consta,não consta,DPH/SMC,Painel,alvenaria  concreto mosaico de pedras e pintura mural,não consta,não consta,"GUERRA, Julio",Avenida Adolfo Pinheiro nş 765
1994,1994,Instrumento Para Olhar,não figurativo,Avenida Bagiru,-23.54103,-46.72132,N,não consta,não consta,DPH/SMC,Escultura Abstrata,ferro,não consta,não consta,"GRINSPUN, Esther",Avenida Bajiru (cruzamento com avenida Professor Fonseca Rodrigues)
1972,1972,Homenagem ao Imortal Prefeito de Săo Paulo José Vicente de Faria Lima,homem,Avenida Brigadeiro Faria Lima,-23.57304,-46.68957,N,não consta,não consta,DPH/SMC,Estátua,bronze e granito,não consta,não consta,"MORRONE, Luiz",Avenida Brigadeiro Faria Lima (canteiro central em frente ao Esporte Clube Pinheiros)
2009,2009,Testemunho,não figurativo,Avenida Brigadeiro Faria Lima,-23.57304,-46.68957,N,não consta,não consta,DPH/SMC,Escultura Abstrata,aço inox e granito,não consta,não consta,"MORENO, Dolly",Avenida Brigadeiro Faria Lima (próximo ao cruzamento com a Avenida Cidade Jardim)
1900,19--,Biquinha da Vila Indiana,não figurativo,Avenida Corifeu de Azevedo Marques,-23.55508,-46.75293,N,não consta,não consta,DPH/SMC,Fonte,concreto e azulejos,não consta,não consta,desconhecido,Avenida Corifeu de Azevedo Marques (cruzamento com rua Boturoca em frente ao nº 35)
1986,1986,Carlos Botelho,homem,Avenida da Aclimação,-23.56995,-46.63261,N,não consta,não consta,DPH/SMC,Cabeça,bronze e granito,não consta,não consta,"CARLI, Arlindo Castellane de",Parque da Aclimaçăo
2001,2001,Dança branca,não figurativo,Avenida da Aclimação,-23.56995,-46.63261,N,não consta,não consta,DPH/SMC,Escultura Abstrata,mármore e granito,não consta,não consta,"IANELLI, Arcângelo",Parque da Aclimaçăo
2002,2002,Forma rompida,não figurativo,Avenida da Aclimação,-23.56995,-46.63261,N,não consta,não consta,DPH/SMC,Escultura Abstrata,aço pintado e concreto,não consta,não consta,"IANELLI, Arcângelo",Parque da Aclimaçăo
2002,2002,Retorno,não figurativo,Avenida da Aclimação,-23.56995,-46.63261,N,não consta,não consta,DPH/SMC,Escultura Abstrata,aço pintado e concreto,não consta,não consta,"IANELLI, Arcângelo",Parque da Aclimaçăo
1992,1992,Tiradentes,homem,Avenida dos Metalúrgicos,-23.5953,-46.40545,N,não consta,não consta,DPH/SMC,Máscara estela,alvenaria argamassa bronze e aço,não consta,não consta,desconhecido,Avenida dos Metalúrgicos (confluência com a Avenida Naylor de Oliveira)
1999,ca. 1999,Homenagem ao Dr. Gastăo Vidigal,homem,Avenida Doutor Gastão Vidigal,-23.53407,-46.73463,N,não consta,não consta,DPH/SMC,Chafariz Herma,bronze granito e pedra sabăo,não consta,não consta,"GODIŃO, Juan Casio",Avenida Doutor Gastăo Vidigal (próximo a Praça Apecatu)
1940,1940,Índio Caçador,homem,Avenida Doutor Vieira de Carvalho,-23.54155,-46.64412,N,não consta,não consta,DPH/SMC,Estátua,bronze e granito,não consta,não consta,"FERRI, Joăo Batista",Avenida Vieira de Carvalho (canteiro central próximo a Praça da República)
2010,2010,Víctor Raúl Haya de La Torre,homem,Avenida Juscelino Kubistchek,-23.585662,-46.672012,N,não consta,não consta,DPH/SMC,Herma,bronze e granito,não consta,não consta,"ROSSI, Miguel Baca",Avenida Juscelino Kubistchek (canteiro central em frente a Praça Haya de la Torre)
2003,2003,Colhedor de Café,homem,Avenida Nove de Julho,-23.55828,-46.65349,N,não consta,não consta,DPH/SMC,Estátua,bronze alvenaria de tijolos e granito,não consta,não consta,"BELTRAN, Lecy",Avenida Nove de Julho (canteiro central altura da Rua Bandeira Paulista)
2006,2006,Monumento em Homenagem Aos 450 Anos da Mooca,não figurativo,Avenida Paes de Barros,-23.56205,-46.59816,N,não consta,não consta,DPH/SMC,Marco,chapas metálicas pintadas,não consta,não consta,"FREGNANI,  Renato",Avenida Paes de Barros (cruzamento com Rua da Mooca)
1985,1985,Padre José de Anchieta,homem,Avenida Paes de Barros,-23.56205,-46.59816,N,não consta,não consta,DPH/SMC,Herma,bronze e concreto,não consta,não consta,"SINIGAGLIA, Victorio",Avenida Paes de Barros (cruzamento com Rua da Mooca)
1935,,Anhangüera,não figurativo,Avenida Paulista,-23.56489,-46.65246,N,não consta,não consta,DPH/SMC,Estátua,mármore e bronze,não consta,não consta,"BRIZZOLLARA, Luis",Avenida Paulista (calçada do Parque Tenente Siqueira Campos)
1978,1978,Francisco de Miranda,homem,Avenida Paulista,-23.56489,-46.65246,N,não consta,não consta,DPH/SMC,Estátua,bronze e granito,não consta,não consta,"GONZÁLEZ, Lorenzo; TABACCO, Carmello",Avenida Paulista (canteiro central altura da Rua Bela Cintra)
2015,2015,Sem Título,não figurativo,Avenida Paulista,-23.56317,-46.65433,N,não consta,não consta,DPH/SMC,Escultura Abstrata,aço pintado,não consta,não consta,"OHTAKE, Tomie",Av. Paulista 1111
1988,1988,Pedro Álvares Cabral,homem,Avenida Pedro Álvares Cabral,-23.58519,-46.65566,N,não consta,não consta,DPH/SMC,Estátua,bronze mármore e concreto,não consta,não consta,"MORRONE, Luiz; ROCHA, Agostinho Vidal da",Avenida Pedro Álvares Cabral
1900,19--,O CAÇADOR de ESMERALDAS (Fragmento do Monumento a Olavo Bilac),homem,Avenida Pedroso de Morais,-23.5656,-46.69023,N,não consta,não consta,DPH/SMC,Grupo escultórico,bronze e alvenaria de tijolos,não consta,não consta,"ZADIG, William",Avenida Pedroso de Moraes (Escola Estadual Fernăo Dias)
2008,2008,Roberto Christianini,homem,Avenida Prof. Frederico Hermann Júnior,-23.56075,-46.70168,N,não consta,não consta,DPH/SMC,Herma,bronze concreto e aço,não consta,não consta,"FERNANDES, Cláudia",Avenida Professor Frederico Herman Júnior (canteiro central próximo a marginal do Rio Pinheiros)
2003,2003,Etros,não figurativo,Avenida Professor Fonseca Rodrigues,-23.54741,-46.71614,N,não consta,não consta,DPH/SMC,Escultura Abstrata,concreto armadofibra de vidro e argamassa de pedra calcárea natural,não consta,não consta,"DI ALERIGI, Yone","Avenida Professor Fonseca Rodrigues (canteiro central, altura da Praça Pero Vaz de Caminha)"
1916,ca. 1916,Marco Rodoviário,não figurativo,Avenida Professor Francisco Morato,-23.60405,-46.74515,S,https://www.prefeitura.sp.gov.br/cidade/upload/1313_1382134216.pdf,não consta,DPH/SMC,Marco quilométrico,concreto de pedregulho com argamassa de cimento,não consta,RES. 13/2013,desconhecido,"Avenida Professor Francisco Morato, 5135"
1965,1965,Avenida Queiroz Filho,não figurativo,Avenida Queiroz Filho,-23.53918,-46.72757,N,não consta,não consta,DPH/SMC,Marco,concreto e ferro,não consta,não consta,desconhecido,"Avenida Queiroz Filho (canteiro central, cruzamento com Avenida Padre Pereira de Andrade)"
1951,1951,Praça Portugal,não figurativo,Avenida Rebouças,-23.55673,-46.66525,N,não consta,não consta,DPH/SMC,Marco,concreto,não consta,não consta,desconhecido,"Avenida Rebouças (canteiro central, em frente a Igreja Senhor Bom Jesus dos Passos)"
1950,ca. 195-,Sem Título - painel,não figurativo,Avenida Rubem Berta,-23.6001,-46.65111,N,não consta,não consta,DPH/SMC,Painel,cerâmica pintada,não consta,não consta,"GRACIANO, Clóvis",Avenida Rubem Berta (acesso a Avenida Moreira Guimarăes)
2000,2000,Vitória,mulher,Avenida Santos Dumont,-23.52473,-46.63096,N,não consta,não consta,DPH/SMC,Estátua,bronze granito e aço,não consta,não consta,"EID, Odette","Avenida Santos Dumont (canteiro central, em frente ao nº 1313)"
1988,1988,OLAVO BILAC (fragmento do Monumento a Olavo Bilac),homem,Avenida Sargento Mário Kozel Filho,-23.57947,-46.65762,N,não consta,não consta,DPH/SMC,Busto,bronze argamassa e granito,não consta,não consta,"ZADIG, William",Avenida Sargento Mário Kozel Filho
1916,ca. 1916,Marco Rodoviário,não figurativo,Avenida Senador José Erminio de Moraes,-23.45111,-46.61471,S,https://www.prefeitura.sp.gov.br/cidade/upload/01_1493316400.2017,não consta,DPH/SMC,Marco quilométrico,concreto de pedregulho com argamassa de cimento,não consta,RES. 01/2017,desconhecido,Avenida Senador José Ermírio de Moraes (em frente à entrada do Parque Estadual da Cantareira Núcleo Águas Claras)
1988,1988,Oitenta Anos da Imigraçăo Japonesa,não figurativo,Avenida Vinte e Três de Maio,-23.55052,-46.63794,N,não consta,não consta,DPH/SMC,Escultura Abstrata,concreto armado pintado,não consta,não consta,"OHTAKE,  Tomie","Avenida Vinte e Três de Maio (canteiro central, altura do CCSP)"
2008,2008,John Mackenzie,homem,Benjamim Abraão-Universidade MacKenzie,-23.5462,-46.65129,N,não consta,não consta,DPH/SMC,Herma,cimento e granito,não consta,não consta,"BARROS, Denise",Praça Universidade Mackenzie
2009,2009,Homenagem a Alceu Amoroso Lima,homem,Biblioteca Pública Alceu Amoroso Lima,-23.55858,-46.6822,N,não consta,não consta,DPH/SMC,Escultura Abstrata,ferro pintado,não consta,não consta,"FERRARI, León",Jardim da Biblioteca Alceu Amoroso Lima
2018,2018,O ESCOTEIRO (fragmento do Monumento a Olavo Bilac),homem,Centro Esportivo Tietê,-23.52133,-46.63053,N,não consta,não consta,DPH/SMC,Estátua,bronze e base de concreto com placa em granito,não consta,não consta,"ZADIG, William",Centro Esportivo Tietê
1974,1974,Monumento a Ramos de Azevedo,homem,Cidade Universitária,-23.56501,-46.7344,N,não consta,não consta,DPH/SMC,Grupo escultórico,bronze e granito,não consta,não consta,"EMENDABILI, Galileo",Cidade Universitária – Praça Ramos de Azevedo
1995,,A Viagem – Ida e Volta,homem,Complexo-Viário Maria Maluf,-23.62827,-46.62421,N,não consta,não consta,DPH/SMC,Painel,azulejos,não consta,não consta,"DEL NERO, Cyro",Complexo Viário Maria Maluf (extremidades do túnel sentido Avenida Presidente Tancredo Neves - Avenida dos Bandeirantes)
1991,1991,Elizabeth Souza Lobo,mulher,Creche Municipal Elizabeth Souza Lobo,-23.62267,-46.46398,N,não consta,não consta,DPH/SMC,Marco,granito e bronze,não consta,não consta,desconhecido,Praça Elisabeth Souza Lobo Garcia
2000,2000,Dorival Rodrigues Alves,homem,Espaço Dorival Rodrigues Alves,-23.54541,-46.63388,N,não consta,não consta,DPH/SMC,Cabeça estela,bronze mármore e latăo,não consta,não consta,NANNI,Praça Dorival Rodrigues Alves
2010,2010,Maestro Eleazar de Carvalho,homem,Estação Júlio Prestes,-23.53368,-46.64022,N,não consta,não consta,DPH/SMC,Estátua,bronze e granito,não consta,não consta,"D’ÁVILA, Cícero",Boulevard de acesso a Sala Săo Paulo no interior do prédio da Estaçăo Júlio Prestes
2004,2004,Carlos Paeta,homem,Estádio do Pacaembu,-23.54716,-46.66527,N,não consta,não consta,DPH/SMC,Herma,bronze e granito,não consta,não consta,"MORRONE, Luiz",Estádio Municipal Paulo Machado de Carvalho (próximo a entrada pela Rua Capivari)
1900,19--,Fonte Pacaembu,não figurativo,Estádio do Pacaembu,-23.54716,-46.66527,N,não consta,não consta,DPH/SMC,Fonte,granito,não consta,não consta,desconhecido,Estádio Municipal Paulo Machado de Carvalho (junto a entrada do ginásio)
1998,1998,Maria Esther Bueno,mulher,Estádio do Pacaembu,-23.54716,-46.66527,N,não consta,não consta,DPH/SMC,Estátua,bronze e concreto,não consta,não consta,"CARLI, Arlindo Castellane de",Estádio Municipal Paulo Machado de Carvalho (junto as quadras de tênis)
1992,1992,Paulo Machado de Carvalho,homem,Estádio do Pacaembu,-23.54716,-46.66527,N,não consta,não consta,DPH/SMC,Herma,bronze e granito,não consta,não consta,"MORRONE, Luiz",Estádio Municipal Paulo Machado de Carvalho
2004,2004,Severino Gragnani,homem,Estádio do Pacaembu,-23.54716,-46.66527,N,não consta,não consta,DPH/SMC,Herma,bronze e granito,não consta,não consta,desconhecido,Estádio Municipal Paulo Machado de Carvalho (baixos da passarela de acesso ao tobogă)
1952,1952,Árvore Das Lágrimas,não figurativo,Estrada das Lágrimas,-23.62971,-46.58752,N,não consta,não consta,DPH/SMC,Placa,bronze,não consta,não consta,desconhecido,"Estrada das Lágrimas, números 515 e 535"
2014,29/03/2014,Espheropeia,não figurativo,ETEC Parque da Juventude,-23.50837,-46.62471,N,não consta,não consta,DPH/SMC,Escultura,fibra de carbono e granito,não consta,não consta,"SALVADOR, Gilberto",Parque da Juventude
1954,194-,Almeida Júnior,homem,Galeria Prestes Maia,-23.54764,-46.63655,N,não consta,não consta,DPH/SMC,Herma,bronze e granito,não consta,não consta,"GALANTE, Laurindo",Galeria Prestes Maia
1941,ca. 1941,GRAÇAS,não figurativo,Galeria Prestes Maia,-23.54764,-46.63655,N,não consta,não consta,DPH/SMC,Estátua,bronze e granito,não consta,não consta,"BRECHERET, Victor",Galeria Prestes Maia
1940,194-,Moisés,homem,Galeria Prestes Maia,-23.54764,-46.63655,N,não consta,não consta,DPH/SMC,Estátua,bronze e granito,não consta,não consta,desconhecido,Galeria Prestes Maia
2007,06/10/2007,O Prevencionista,não figurativo,Guarapiranga,-23.67979,-46.73961,N,não consta,não consta,DPH/SMC,Estátua,fiberglass sucatas de chapas de aço inox 304 alvenaria e pedra,não consta,não consta,"PIMENTEL, Waldemir Felício (Toso)",Parque Guarapiranga
1915,1915,Dom José de Camargo Barros,homem,Largo Coração de Jesus,-23.5333,-46.64283,N,não consta,não consta,DPH/SMC,Busto,bronze e granito,não consta,não consta,"STARACCE, Júlio",Largo Coraçăo de Jesus
2018,22/12/2018 (marco anterior: 1965),Primeiro Alto da Expedição Partida de São Paulo em 10 de abril de 1865 rumo ao Paraguai,não figurativo,Largo da Matriz de Nossa Senhora do Ó,-23.50175,-46.69853,N,não consta,não consta,DPH/SMC,Marco,granito,não consta,não consta,parceria DPH e Subprefeitura da Freguesia do Ó,Largo da Matriz de Nossa Senhora do Ó
1814,1814 (obelisco) / 1922 (Largo da Memória),OBELISCO e LARGO da MEMÓRIA,não figurativo,Largo da Memória,-23.54824,-46.63913,S,https://www.prefeitura.sp.gov.br/cidade/upload/d833c_05_TEO_89_itens.pdf,não consta,DPH/SMC,Chafariz Obelisco conjunto arquitetônico,granito bronze alvenaria de pedras e azulejos,RES. SC 02/1975,RES. 05/1991,"PEREIRA, Vicente Gomes MULLER Daniel Pedro DUBUGRAS Victor RODRIGUES José Wasth",Largo da Memória
1978,1978,Associaçăo Dos Lojistas da Liberdade,não figurativo,Largo da Pólvora,-23.55733,-46.63594,N,não consta,não consta,DPH/SMC,Placa,granito e concreto,não consta,não consta,desconhecido,Largo da Pólvora
1987,1987,Hachiro Miyasaki,homem,Largo da Pólvora,-23.55733,-46.63594,N,não consta,não consta,DPH/SMC,Herma,bronze e granito,não consta,não consta,"WIEL, Antonio Van de",Largo da Pólvora
1974,1974,Jardim Japonês,não figurativo,Largo da Pólvora,-23.55733,-46.63594,N,não consta,não consta,DPH/SMC,Placa,granito,não consta,não consta,desconhecido,Largo da Pólvora
1978,1978,Lanterna de Pedra (Tooro),não figurativo,Largo da Pólvora,-23.55733,-46.63594,N,não consta,não consta,DPH/SMC,Marco,pedra alvenaria e bronze,não consta,não consta,desconhecido,Largo da Pólvora
1978,1978,Shuhei Uetsuka,homem,Largo da Pólvora,-23.55733,-46.63594,N,não consta,não consta,DPH/SMC,Estátua,bronze granito e mármore,não consta,não consta,"YAMAMOTO, Shyoiti",Largo da Pólvora
1922,ca. 1922,A menina e o bezerro,mulher,Largo do Arouche,-23.54095,-46.64554,N,não consta,não consta,DPH/SMC,Grupo escultórico,mármore Carrara e granito,não consta,não consta,CHRISTOPHE,Largo do Arouche
1965,,Afonso D’Escragnolle Taunay,homem,Largo do Arouche,-23.54095,-46.64554,N,não consta,não consta,DPH/SMC,Herma,bronze e granito,não consta,não consta,"DUNIN, Claudie",Largo do Arouche
1900,19--,Amor Materno,mulher,Largo do Arouche,-23.54095,-46.64554,N,não consta,não consta,DPH/SMC,Estátua,mármore e granito,não consta,não consta,"VIRION, Charles-Louis-Éugčne",Largo do Arouche
1948,1948,Augusto de Prima Porta,homem,Largo do Arouche,-23.54095,-46.64554,N,não consta,não consta,DPH/SMC,Estátua,bronze e granito,não consta,não consta,desconhecido,Largo do Arouche
1941,ca. 1941,Depois do Banho,homem,Largo do Arouche,-23.54095,-46.64554,N,não consta,não consta,DPH/SMC,Estátua,bronze e granito,não consta,não consta,"BRECHERET, Victor",Largo do Arouche
1986,1986,José Pedro Leite Cordeiro,homem,Largo do Arouche,-23.54095,-46.64554,N,não consta,não consta,DPH/SMC,Herma,bronze e granito,não consta,não consta,"MORRONE, Luiz",Largo do Arouche
1931,1931,Luiz Gama,homem,Largo do Arouche,-23.54095,-46.64554,N,não consta,não consta,DPH/SMC,Busto,bronze e granito,não consta,não consta,"MALLOZZI, Yolando",Largo do Arouche
1992,1992,Progresso,não figurativo,Largo do Arouche,-23.54095,-46.64554,N,não consta,não consta,DPH/SMC,Escultura Abstrata,chapas de ferro pintadas,não consta,não consta,"VLAVIANOS, Nicolas",Largo do Arouche
1959,1959,Vicente de Carvalho,homem,Largo do Arouche,-23.54095,-46.64554,N,não consta,não consta,DPH/SMC,Busto,bronze e granito,não consta,não consta,"XIMENES, Ettore",Largo do Arouche
1900,19--,Chafariz,não figurativo,Largo do Cambuci,-23.56289,-46.62111,N,não consta,não consta,DPH/SMC,Chafariz,argamassa armada,não consta,não consta,desconhecido,Largo do Cambuci
1955,1955,Măe Preta,mulher,Largo do Paissandu,-23.54275,-46.6384,S,https://www.prefeitura.sp.gov.br/cidade/upload/f8bff_16_Complementa_Res_37_92.pdf,não consta,DPH/SMC,Estátua,bronze e granito,não consta,RES. 16/2004,"GUERRA, Julio",Largo do Paissandu
1993,1993,Săo Paulo Apóstolo,homem,Largo los Andes,-23.62138,-46.69827,N,não consta,não consta,DPH/SMC,Estátua,bronze e granito,não consta,não consta,"GUERRA, Julio",Largo Los Andes
2001,2001,Porta de Abril,não figurativo,Largo Mestre de Aviz,-23.59516,-46.65483,N,não consta,não consta,DPH/SMC,Escultura Abstrata,aço corten e ferro,não consta,não consta,"AURÉLIO, José",Largo Mestre de Avis
1925,1925,Glória Imortal Aos Fundadores de Săo Paulo,homem,Largo Pátio do Colégio,-23.54839,-46.63279,S,https://www.prefeitura.sp.gov.br/cidade/upload/2ffeb_17_T_Centro_Velho.pdf,não consta,DPH/SMC,Coluna,bronze e granito,não consta,RES. 17/2007,"ZANI, Amadeo",Pátio do Colégio
2009,2009,Conde Francisco Matarazzo Júnior,homem,Largo Primeiro de Maio,-23.48984,-46.47907,N,não consta,não consta,DPH/SMC,Herma,bronze e granito,não consta,não consta,desconhecido,Largo Primeiro de Maio
1949,1949,Dom Duarte Leopoldo e Silva,homem,Largo Santa Cecília,-23.5391,-46.64996,N,não consta,não consta,DPH/SMC,Estátua,bronze e granito,não consta,não consta,"CUCÊ, José",Largo Santa Cecília
2000,2000,Sem Nome,não figurativo,Largo São Bento,-23.5439,-46.63413,N,não consta,não consta,DPH/SMC,Escultura Abstrata,aço pintado,não consta,não consta,"TORRES, Caciporé",Largo Săo Bento
1977,,A todos os companheiros,homem,Largo São Francisco,-23.54955,-46.63703,S,não consta,não consta,DPH/SMC,Placa,mármore,RES. SC 185/02,não consta,desconhecido,Largo Săo Francisco (próximo a entrada da Faculdade de Direito)
2006,,Álvares de Azevedo,homem,Largo São Francisco,-23.54955,-46.63703,N,não consta,não consta,DPH/SMC,Busto,bronze e granito,não consta,não consta,"ZANI, Amadeo",Largo Săo Francisco
1966,1966,BEIJO ETERNO (Fragmento do Monumento a Olavo Bilac),ambos,Largo São Francisco,-23.54955,-46.63703,S,não consta,não consta,DPH/SMC,Grupo escultórico,bronze e granito,RES. SC 185/02,não consta,ZADIG William,Largo Săo Francisco
1936,1936,José Bonifácio O Moço,homem,Largo São Francisco,-23.54955,-46.63703,S,não consta,não consta,DPH/SMC,Estátua,bronze e granito,RES. SC 185/02,não consta,"ENGRAND, Georges",Largo Săo Francisco (saguăo de entrada da Faculdade de Direito da USP)
1900,19--,O Menino e O Catavento,homem,Largo São Francisco,-23.54955,-46.63703,S,não consta,não consta,DPH/SMC,Estátua,bronze e granito,RES. SC 185/02,não consta,DI PALMA M.,Largo Săo Francisco
1973,1973,Quantas Pedras Forem Colocadas Tantas Arrancaremos,não figurativo,Largo São Francisco,-23.54955,-46.63703,S,não consta,não consta,DPH/SMC,Placa,mármore,RES. SC 185/02,não consta,"CARVALHO, José Renato Teixeira de Campos",Largo Săo Francisco (próximo a entrada da Faculdade de Direito)
1958,1958,Tribuna Livre,não figurativo,Largo São Francisco,-23.54955,-46.63703,S,não consta,não consta,DPH/SMC,Tribuna,mármore,RES. SC 185/02,não consta,desconhecido,Largo Săo Francisco
1978,1978,Crucifixo,não figurativo,Largo São José do Belém,-23.54107,-46.59479,N,não consta,não consta,DPH/SMC,Crucifixo,bronze e granito,não consta,não consta,desconhecido,Largo Săo José do Belém
1900,19--,Săo José,homem,Largo São José do Maranhão,-23.52973,-46.55953,N,não consta,não consta,DPH/SMC,Estátua,gesso,não consta,não consta,desconhecido,Largo Săo José do Maranhăo
1970,197-,Ubirajara,mulher,Largo Ubirajara,-23.54573,-46.59231,N,não consta,não consta,DPH/SMC,Grupo escultórico,bronze e granito,não consta,não consta,"LEOPOLDO E SILVA, Francisco",Largo Ubirajara
1984,1984,Marco Comemorativo do IV Centenário do Ipiranga,não figurativo,Monte Azul Paulista,-23.604935,-46.599946,N,não consta,não consta,DPH/SMC,Marco,concreto,não consta,não consta,"GRACIANO, José Roberto",Praça Monte Azul Paulista
2000,2000,O Aprendiz Desbastando a Pedra Bruta,homem,Parada 1/3 - Praça Dona Micaela Vieira,-23.52345,-46.54558,N,não consta,não consta,DPH/SMC,Estátua,concreto armado,não consta,não consta,"SANTOS, Adilson Charles dos",Praça Dona Micaela Vieira
1967,ca. 1967,Almirante Joaquim Marques de Lisboa - Marquês de Tamandaré,homem,Parque Anhangabaú,-23.5471,-46.63816,N,não consta,não consta,DPH/SMC,Herma,bronze e granito,não consta,não consta,desconhecido,Parque Anhangabaú (próximo a Rua Doutor Falcăo)
1992,1992,Drusa,não figurativo,Parque Anhangabaú,-23.5471,-46.63816,N,não consta,não consta,DPH/SMC,Chafariz Escultura Abstrata,aço pintado,não consta,não consta,"MILAN, Denise",Parque Anhangabaú
2000,2000,Gato,não figurativo,Parque Anhangabaú,-23.5471,-46.63816,N,não consta,não consta,DPH/SMC,Escultura Figurativa,chapas de aço pintadas,não consta,não consta,"ROSA, Gustavo",Parque Anhangabaú (baixos do Viaduto Santa Ifigênia)
1948,1948,Giuseppe Verdi,homem,Parque Anhangabaú,-23.5471,-46.63816,S,https://www.prefeitura.sp.gov.br/cidade/upload/d475b_37_T_Vale_do_Anhangabau.pdf,não consta,DPH/SMC,Grupo escultórico,bronze e granito,não consta,RES. 37/1992,"ZANI, Amadeo",Parque Anhangabaú (junto as escadas de acesso à Rua Líbero Badaró)
2000,2000,Vaga,não figurativo,Parque Anhangabaú,-23.5471,-46.63816,N,não consta,não consta,DPH/SMC,Painel,concreto e cerâmica,não consta,não consta,"FUKUSHIMA, Takashi",Parque Anhangabaú (baixos do Viaduto Santa Ifigênia)
1916,ca. 1916,Anfitrite e Trităo,ambos,Parque Buenos Aires,-23.55163,-46.66082,N,não consta,não consta,DPH/SMC,Chafariz,argamassa armada e bronze,não consta,não consta,desconhecido,Parque Buenos Aires
1945,1945,Dom Bernardino Rivadávia,homem,Parque Buenos Aires,-23.55163,-46.66082,N,não consta,não consta,DPH/SMC,Busto,bronze e granito,não consta,não consta,"NAVARRO, Juan Carlos Oliva",Parque Buenos Aires
1947,1947,Firmiano Pinto,homem,Parque Buenos Aires,-23.55163,-46.66082,N,não consta,não consta,DPH/SMC,Herma,bronze e granito,não consta,não consta,"MORRONE, Luiz",Parque Buenos Aires
1996,1996,Homenagem ao Tango,ambos,Parque Buenos Aires,-23.55163,-46.66082,N,não consta,não consta,DPH/SMC,Escultura Figurativa,bronze e granito,não consta,não consta,"VIVAS, Roberto",Parque Buenos Aires
1916,ca. 1916,Leăo Lutando Com Uma Serpente,não figurativo,Parque Buenos Aires,-23.55163,-46.66082,N,não consta,não consta,DPH/SMC,Grupo escultórico,ferro fundido alvenaria e granito,não consta,não consta,desconhecido,Parque Buenos Aires
1970,1970,Măe,mulher,Parque Buenos Aires,-23.55163,-46.66082,N,não consta,não consta,DPH/SMC,Escultura Figurativa,mármore,não consta,não consta,"FRACAROLLI, Caetano",Parque Buenos Aires
1916,ca. 1916,Milon de Crotona,homem,Parque Buenos Aires,-23.55163,-46.66082,N,não consta,não consta,DPH/SMC,Grupo escultórico,cerâmica e granito,não consta,não consta,desconhecido,Parque Buenos Aires
2007,2007,Nascer,não figurativo,Parque Buenos Aires,-23.55163,-46.66082,N,não consta,não consta,DPH/SMC,Escultura Abstrata,alumínio laqueado,não consta,não consta,"NASSER, Daisy",Parque Buenos Aires
1916,ca. 1916,Veado Lutando Contra Três Tigres,não figurativo,Parque Buenos Aires,-23.55163,-46.66082,N,não consta,não consta,DPH/SMC,Grupo escultórico,ferro fundido alvenaria e granito,não consta,não consta,desconhecido,Parque Buenos Aires
1979,1979,Sem Título,não figurativo,Parque Burle Marx,-23.63382,-46.72173,N,não consta,não consta,DPH/SMC,Painel,concreto e mosaico de pastilhas,não consta,não consta,"MARX, Burle",Parque Burle Marx
2010,2010,Heróis da Travessia do Atlântico,homem,Parque da Barragem,-23.675729,-46.715042,N,não consta,não consta,DPH/SMC,Coluna,bronze granito e mármore,não consta,não consta,"ZORLINI, Ottone",Parque da Barragem
1988,1988,José Bonifácio de Andrada e Silva,homem,Parque da Independência,-23.5858,-46.61102,N,não consta,não consta,DPH/SMC,Herma,bronze e granito,não consta,não consta,"MORRONE, Luiz",Parque da Independência
1922,1922,Monumento à Independência,não figurativo,Parque da Independência,-23.5858,-46.61102,S,https://www.prefeitura.sp.gov.br/cidade/upload/d833c_05_TEO_89_itens.pdf,PROC. 1348-T-95,DPH/SMC,Grupo escultórico,bronze granito e concreto,RES. SC SN/1975,RES. 05/1991,"XIMENES, Ettore",Parque da Independência
1988,1988,TARDE (Fragmento do Monumento a Olavo Bilac),não figurativo,Parque da Independência,-23.5858,-46.61102,N,não consta,não consta,DPH/SMC,Estátua,bronze e argamassa,não consta,não consta,"ZADIG, William",Parque da Independência
1920,192-,Amaltéia e a Cabra de Júpiter,mulher,Parque da Luz,-23.53452,-46.6356,N,não consta,não consta,DPH/SMC,Grupo escultórico,argamassa armada e bronze,não consta,não consta,desconhecido,Parque da Luz
1899,Entre 1899 - 1906,Chafariz,não figurativo,Parque da Luz,-23.53452,-46.6356,N,não consta,não consta,DPH/SMC,Chafariz,argamassa armada,não consta,não consta,desconhecido,Parque da Luz (lago da Cruz de Malta)
1899,Entre 1899 - 1910,Chafariz,não figurativo,Parque da Luz,-23.53452,-46.6356,N,não consta,não consta,DPH/SMC,Chafariz,argamassa armada,não consta,não consta,desconhecido,Parque da Luz (próximo a Avenida Tiradentes)
1911,Entre 1911 - 1914,CHAFARIZ (Delfins),não figurativo,Parque da Luz,-23.53452,-46.6356,N,não consta,não consta,DPH/SMC,Chafariz,mármore,não consta,não consta,desconhecido,Parque da Luz
1910,1910,Giuseppe Garibaldi,homem,Parque da Luz,-23.53452,-46.6356,N,não consta,não consta,DPH/SMC,Herma,bronze e granito,não consta,não consta,"GALLORI, Emilio",Parque da Luz
1920,1920,Homenagem da Colônia Portuguesa,não figurativo,Parque da Luz,-23.53452,-46.6356,N,não consta,não consta,DPH/SMC,Marco,granito e bronze,não consta,não consta,desconhecido,Parque da Luz
1981,1981,Jardim da Luz,não figurativo,Parque da Luz,-23.53452,-46.6356,N,não consta,não consta,DPH/SMC,Placa,mármore e alvenaria,não consta,não consta,desconhecido,Parque da Luz
1911,Entre 1911 - 1913,O Menino e O Peixe,homem,Parque da Luz,-23.53452,-46.6356,N,não consta,não consta,DPH/SMC,Estátua,mármore,não consta,não consta,GIORGIO FILHO G.,Parque da Luz
1978,,70 Anos da Imigraçăo Japonesa,não figurativo,Parque do Carmo,-23.5606,-46.46035,N,não consta,não consta,DPH/SMC,Marco,granito,não consta,não consta,desconhecido,Parque do Carmo
1995,1995,Centenário da Amizade Brasil - Japăo (1895 - 1995),não figurativo,Parque do Carmo,-23.5606,-46.46035,N,não consta,não consta,DPH/SMC,Marco,granito,não consta,não consta,desconhecido,Parque do Carmo (próximo ao portăo 3)
2008,2008,Sonho e Gratidăo - Monumento em Homenagem ao Centenário da Imigraçăo Japonesa no Brasil,não figurativo,Parque do Carmo,-23.5606,-46.46035,N,não consta,não consta,DPH/SMC,Escultura Abstrata,granito Red Dragon (Ceará) e Inada (Japăo),não consta,não consta,"KINUTANI, Kota",Parque do Carmo
2008,2008,Homem na Chuva,homem,Parque do Povo,-23.58765,-46.68833,N,não consta,não consta,DPH/SMC,Estátua,bronze,não consta,não consta,"MOTTA, Christina",Parque do Povo
2006,2006,O Quadrupede,não figurativo,Parque do Povo,-23.58765,-46.68833,N,não consta,não consta,DPH/SMC,Escultura,granito e bronze,não consta,não consta,"RAISS, Florian",Parque do Povo
2014,25/04/2014,Jano Jovem Jano Senior,homem,Parque Esportivo dos Trabalhadores,-23.55536,-46.54943,N,não consta,não consta,DPH/SMC,Escultura Figurativa,bronze,não consta,não consta,"ROCHA, Valdir",Parque Esportivo dos Trabalhadores
1970,197-,A Caçadora,mulher,Parque Ibirapuera,-23.58683,-46.65853,N,não consta,não consta,DPH/SMC,Grupo escultórico,Granito e bronze,não consta,não consta,"COLUCCINI, Lélio",Parque Ibirapuera
1981,,Almirante Joaquim Marques de Lisboa - Marquês de Tamandaré,homem,Parque Ibirapuera,-23.58683,-46.65853,N,não consta,não consta,DPH/SMC,Estátua,bronze e granito,não consta,não consta,"MORRONE, Luiz JUAN Casio Godińo",Parque Ibirapuera
1963,1963,Căo Pastor Alemăo,não figurativo,Parque Ibirapuera,-23.58683,-46.65853,N,não consta,não consta,DPH/SMC,Estátua,bronze e pedra mineira,não consta,não consta,FUNDIÇĂO REBELATTO,Parque Ibirapuera
1989,1989,Chico Mendes,homem,Parque Ibirapuera,-23.58683,-46.65853,N,não consta,não consta,DPH/SMC,Cabeça,bronze ferro pintado e argamassa,não consta,não consta,"RIBEIRO, Heloísa Quintanilha",Parque Ibirapuera
1954,1954,Comissăo do IV Centenário,não figurativo,Parque Ibirapuera,-23.58683,-46.65853,N,não consta,não consta,DPH/SMC,Placa,granito,não consta,não consta,desconhecido,Parque Ibirapuera
1954,1954,Encouraçado Săo Paulo,não figurativo,Parque Ibirapuera,-23.58683,-46.65853,N,não consta,não consta,DPH/SMC,Marco,bronze ferro galvanizado e concreto,não consta,não consta,desconhecido,Parque Ibirapuera
1988,1988,Fonte Ornamental,não figurativo,Parque Ibirapuera,-23.58683,-46.65853,N,não consta,não consta,DPH/SMC,Placa,bronze e cimento,não consta,não consta,"SEVERO, Vera Maria Aranha (Arquiteta)",Parque Ibirapuera
1972,1972,Heliponto Municipal Demoiselle,não figurativo,Parque Ibirapuera,-23.58683,-46.65853,N,não consta,não consta,DPH/SMC,Marco,alvenaria de tijolos bronze e azulejos,não consta,não consta,desconhecido,Parque Ibirapuera
1955,1955,Homenagem ao Cafeeiro,homem,Parque Ibirapuera,-23.58683,-46.65853,N,não consta,não consta,DPH/SMC,Escultura Figurativa,bronze e granito,não consta,não consta,"ZERI, Francisco",Parque Ibirapuera
1993,1993,Homenagem de Săo Paulo Aos Veteranos da Força Aérea Brasileira,homem,Parque Ibirapuera,-23.58683,-46.65853,N,não consta,não consta,DPH/SMC,Estátua,bronze e granito,não consta,não consta,ANDRIOLI R.,Parque Ibirapuera
1972,1972,Ibrahim Nobre - O Tribuno,homem,Parque Ibirapuera,-23.58683,-46.65853,N,não consta,não consta,DPH/SMC,Estátua,bronze e granito,não consta,não consta,"MORRONE, Luiz",Parque Ibirapuera
1900,19--,Laocoonte,não figurativo,Parque Ibirapuera,-23.58683,-46.65853,N,não consta,não consta,DPH/SMC,Grupo escultórico,bronze e argamassa,não consta,não consta,desconhecido,Parque Ibirapuera
1960,196-,Leăo,não figurativo,Parque Ibirapuera,-23.58683,-46.65853,N,não consta,não consta,DPH/SMC,Estátua,mármore,não consta,não consta,desconhecido,Parque Ibirapuera (próximo a Administraçăo do parque)
1954,1954,M,não figurativo,Parque Ibirapuera,-23.58683,-46.65853,N,não consta,não consta,DPH/SMC,Escultura Figurativa,concreto,não consta,não consta,desconhecido,Parque Ibirapuera
1994,1994,Mais Ibirapuera Pra Você,não figurativo,Parque Ibirapuera,-23.58683,-46.65853,N,não consta,não consta,DPH/SMC,Marco,concreto e aço,não consta,não consta,desconhecido,Parque Ibirapuera (próximo a antiga serraria)
1975,1975,Monumento Aos Pioneiros da Imigraçăo Japonesa,não figurativo,Parque Ibirapuera,-23.58683,-46.65853,N,não consta,não consta,DPH/SMC,Placa,granito e bronze,não consta,não consta,"SUZUKI, Takeshi",Parque Ibirapuera
2014,2014,Monumento em Homenagem aos Mortos e Desaparecidos Políticos,não figurativo,Parque Ibirapuera,-23.58683,-46.65853,N,não consta,não consta,DPH/SMC,Escultura Abstrata,aço corten,não consta,não consta,"OHTAKE, Ricardo",Portăo 10 Parque do Ibirapuera
1955,1955,Obelisco e Mausoléu ao Soldado Constitucionalista de 1932,não figurativo,Parque Ibirapuera,-23.58683,-46.65853,S,https://www.prefeitura.sp.gov.br/cidade/upload/d833c_05_TEO_89_itens.pdf,não consta,DPH/SMC,Obelisco mausoléu,mármore e bronze,RES. SC 23/1981,RES. 05/1991,"EMENDABILI ,Galileo; PUCCI, Mário Edgard H.",Parque Ibirapuera
1970,197-,Porco Ensebado,não figurativo,Parque Ibirapuera,-23.58683,-46.65853,N,não consta,não consta,DPH/SMC,Grupo escultórico,bronze e argamassa,não consta,não consta,"CIPICCHIA, Ricardo",Parque Ibirapuera
1989,1989,Tribuna Livre em Homenagem a Teotônio Vilela,homem,Parque Ibirapuera,-23.58683,-46.65853,N,não consta,não consta,DPH/SMC,Tribuna,alvenariaargamassa e granito,não consta,não consta,"VALADĂO, Márcio Fernando",Parque Ibirapuera
1970,197-,Aretuza,mulher,Parque Trianon,-23.56172,-46.6578,N,não consta,não consta,DPH/SMC,Estátua,mármore granito e bronze,não consta,não consta,"LEOPOLDO E SILVA, Francisco",Parque Tenente Siqueira Campos (Trianon)
1920,192-,Bebedouro,não figurativo,Parque Trianon,-23.56172,-46.6578,N,não consta,não consta,DPH/SMC,Fonte,arenito com alvenaria de tijolos,não consta,não consta,desconhecido,Parque Tenente Siqueira Campos (Trianon)
1946,1946,Fauno,homem,Parque Trianon,-23.56172,-46.6578,N,não consta,não consta,DPH/SMC,Estátua,granito e bronze,não consta,não consta,"BRECHERET, Victor",Parque Tenente Siqueira Campos (Trianon)
1952,1952,Joaquim Eugênio de Lima,homem,Parque Trianon,-23.56172,-46.6578,N,não consta,não consta,DPH/SMC,Herma,bronze e granito,não consta,não consta,"MINGO, Roque de",Parque Tenente Siqueira Campos (Trianon)
1989,1989,Conde Francisco Matarazzo,homem,Pompéia,-23.525862,-46.682184,N,não consta,não consta,DPH/SMC,Estátua,bronze alvenaria de tijolos e granito,não consta,não consta,"MARCHIS, Giandomenico de","Praça Raízes da Pompéia, 2013"
1994,ca. 1994,Praça Comendador Adib Zarzur,não figurativo,Praça Adib Zarzur,-23.58642,-46.66437,N,não consta,não consta,DPH/SMC,Marco,granito (bege) polido,não consta,não consta,desconhecido,Praça Adib Zarzur
1996,,Adolpho Bloch,homem,Praça Adolpho Bloch,-23.56986,-46.67272,N,não consta,não consta,DPH/SMC,Grupo escultórico,bronze e granito,não consta,não consta,desconhecido,Praça Adolpho Bloch
1995,,Alexandre de Gusmăo,homem,Praça Alexandre de Gusmão,-23.56395,-46.6565,N,não consta,não consta,DPH/SMC,Busto,bronze e concreto,não consta,não consta,desconhecido,Praça Alexandre de Gusmăo
1969,,Alexandre Fleming,homem,Praça Alexandre Fleming,-23.55962,-46.58704,N,não consta,não consta,DPH/SMC,Cabeça,bronze e concreto,não consta,não consta,desconhecido,Praça Alexandre Fleming
1941,ca. 1941,Espinário,não figurativo,Praça Alfredo Weiszflog,-23.5288,-46.69552,N,não consta,não consta,DPH/SMC,Estátua,bronze e argamassa,não consta,não consta,desconhecido,Praça Alfredo Weissflog (interior da EMEI Noêmia Hippolito)
1969,1969,Săo Pedro,homem,Praça Amadeu Amaral,-23.56869,-46.64381,N,não consta,não consta,DPH/SMC,Estátua,bronze e pedra mineira,não consta,não consta,"GUERRA, Julio",Praça Amadeu Amaral
1999,1999,General José Artigas,homem,Praça América,-23.5708,-46.67031,N,não consta,não consta,DPH/SMC,Cabeça,bronze e granito,não consta,não consta,desconhecido,Praça América
2003,2003,Homenagem a Forma,não figurativo,Praça América,-23.5708,-46.67031,N,não consta,não consta,DPH/SMC,Escultura Abstrata,concreto pintado e bronze,não consta,não consta,"HIRS, Maria Aparecida (Pita)",Praça América
1975,ca. 1975,Ângelo Rivetti,homem,Praça Ângelo Rivetti,-23.51931,-46.72004,N,não consta,não consta,DPH/SMC,Placa,argamassa e ferro pintado,não consta,não consta,desconhecido,Praça Ângelo Rivetti
2016,20/11/2016,Monumento a Zumbi,homem,Praça Antônio Prado,-23.54564,-46.63454,N,não consta,não consta,DPH/SMC,Estátua,Bronze granito e pedra,não consta,não consta,"DOS SANTOS, José Maria  (Jofe)","Praça Antônio Prado, 33"
1969,ca. 1969,O Semeador,homem,Praça Apecatu,-23.54107,-46.72794,N,não consta,não consta,DPH/SMC,Estátua,bronze e granito,não consta,não consta,"FRACAROLLI, Caetano",Praça Apecatu
1953,1953,Monumento às Bandeiras,homem,Praça Armando de Sales Oliveira,-23.58021,-46.661,S,https://www.prefeitura.sp.gov.br/cidade/upload/d833c_05_TEO_89_itens.pdf,não consta,DPH/SMC,Grupo escultórico,granito,RES. SC 31/1985,RES. 05/1991,"BRECHERET, Victor",Praça Armando de Salles Oliveira
1965,ca. 1965,Mártires Armênios,homem,Praça Armênia,-23.52604,-46.62985,N,não consta,não consta,DPH/SMC,Obelisco,granito,não consta,não consta,desconhecido,Praça Armênia
1966,1966,Monumento em Homenagem as Vítimas do Genocídio de 1915,não figurativo,Praça Armênia,-23.52604,-46.62985,N,não consta,não consta,DPH/SMC,Grupo escultórico,granito e bronze,não consta,não consta,"RECALD,E José Jerez",Praça Armênia
1999,1999,General Estilac Leal,homem,Praça Arquiteto Ícaro de Castro Mello,-23.57982,-46.65578,N,não consta,não consta,DPH/SMC,Cabeça,bronze e concreto,não consta,não consta,"MORRONE, Luiz",Praça Arquiteto Ícaro de Castro Melo
1963,1963,Borba Gato,homem,Praça Augusto Tortorelo de Araújo,-23.63304,-46.69243,N,não consta,não consta,DPH/SMC,Estátua (MONUMENTO),concreto armado mosaico de pedras e pastilhas,não consta,não consta,"GUERRA, Júlio",Praça Augusto Tortorello de Araújo
1963,1963,Brigadeiro José Vieira Couto de Magalhăes,homem,Praça Bento de Camargo Barros,-23.5207,-46.62921,N,não consta,não consta,DPH/SMC,Estátua,bronze e granito,não consta,não consta,"MORRONE, Luiz",Praça Bento de Camargo Barros
1985,1985,Doutora Carlota Pereira Queiroz,mulher,Praça Califórnia,-23.57473,-46.67191,N,não consta,não consta,DPH/SMC,Herma,bronze concreto e mármore,não consta,não consta,"MORRONE, Luiz",Praça Califórnia
1990,ca. 199-,Maria Esther Bueno,mulher,Praça Califórnia,-23.57473,-46.67191,N,não consta,não consta,DPH/SMC,Escultura Figurativa,bronze e mármore,não consta,não consta,"ROSA, Gustavo",Praça Califórnia
2006,1974 (escultura original) / 2006 (escultura nova),14 Bis,homem,Praça Campo de Bagatelle,-23.51537,-46.62951,N,não consta,não consta,DPH/SMC,Escultura Figurativa,latăo alumínio bronze e granito,não consta,não consta,FUNCIONÁRIOS do Parque Aeronáutico de Marte,Praça Campo de Bagatelle
1999,1999,Monumento ao Ex-Combatente,não figurativo,Praça Carlos Gardel,-23.58145,-46.65381,N,não consta,não consta,DPH/SMC,Escultura Abstrata,aço concreto e mármore,não consta,não consta,"CARON, Jorge O.",Praça Carlos Gardel
1992,,Anjo,homem,Praça Cecília Perigo Saldiva,-23.55377,-46.70158,N,não consta,não consta,DPH/SMC,Escultura Abstrata,bronze e granito,não consta,não consta,"BONOMI, Maria",Praça Cecília Périgo Saldiva
2005,2005,Rafic Hariri,homem,Praça Cedro do Líbano,-23.57841,-46.66317,N,não consta,não consta,DPH/SMC,Estátua,bronze e granito,não consta,não consta,"KISLANSKY, Israel",Praça Cedro do Líbano
1900,19--,Atletas do Brasil,homem,Praça Charles Miller,-23.5453,-46.66534,N,não consta,não consta,DPH/SMC,Placa,cimento,não consta,não consta,desconhecido,Praça Charles Miller
1971,1971,Fonte Milăo – Săo Paulo,não figurativo,Praça Cidade de Milão,-23.59412,-46.66491,N,não consta,não consta,DPH/SMC,Chafariz ( FONTE ORNAMENAL),argamassa armada granito concreto e ladrilhos cerâmicos,não consta,não consta,desconhecido,Praça Cidade de Milăo
1900,19--,Leăo,não figurativo,Praça Cilio Carnelos,-23.63789,-46.60832,N,não consta,não consta,DPH/SMC,Estátua,argamassa armada,não consta,não consta,desconhecido,Praça Cílio Carnelos
1998,1998,Cinquenta Anos do Estado de Israel,não figurativo,Praça Cinquentenário de Israel,-23.54952,-46.66203,N,não consta,não consta,DPH/SMC,Escultura Abstrata,ferro,não consta,não consta,"KNISPEL, Gershon",Praça Cinqüentenário de Israel
1988,1988,Memorial Cláudio Abramo,homem,Praça Cláudio Abramo,-23.57611,-46.68156,N,não consta,não consta,DPH/SMC,Escultura Abstrata,granito,não consta,não consta,desconhecido,Praça Cláudio Abramo
2007,2007,O Jornaleiro,homem,Praça Cláudio Abramo,-23.57611,-46.68156,N,não consta,não consta,DPH/SMC,Escultura Figurativa,bronze e granito,não consta,não consta,"CALABRONE, Domenico",Praça Cláudio Abramo
1966,1966,Monumento ao Milênio da Polônia Cristă,não figurativo,Praça Cmte. Renato Pacheco Pedroso,-23.57391,-46.6813,N,não consta,não consta,DPH/SMC,Marco,mármore e granito,não consta,não consta,"REIF, Victor; SZABUNIEWICZ,  Miroslaw; GRABOWSKI, Mieqyslaw",Praça Comandante Renato Pacheco Pedroso
1989,1989,Comendador Nicolau Scarpa,homem,Praça Comendador Nicolau Scarpa,-23.570347,-46.664604,N,não consta,não consta,DPH/SMC,Herma,bronze e granito,não consta,não consta,"ROSADA, Vilmo",Praça Comendador Nicolau Scarpa
1996,ca. 1996,Praça Comunidade da Villa de Arouca,não figurativo,Praça Comunidade da Vila de Arouca,-23.61381,-46.71417,N,não consta,não consta,DPH/SMC,Marco,azulejos alvenaria e aço escovado,não consta,não consta,desconhecido,Praça Comunidade da Villa de Arouca
1975,1975,Marechal do Ar Alberto Santos Dumont,homem,Praça Comunidade Eduardo de Oliveira,-23.47743,-46.56469,N,não consta,não consta,DPH/SMC,Cabeça,bronze e granilite,não consta,não consta,"MORRONE, Luiz",Praça Comandante Eduardo de Oliveira
1957,1957,Sagrado Coraçăo de Maria,mulher,Praça Coração de Maria,-23.5808,-46.67907,N,não consta,não consta,DPH/SMC,Estátua,argamassa armada granito e mármore,não consta,não consta,desconhecido,Praça Coraçăo de Maria
1978,1978,Crucifixo,não figurativo,Praça Cornélia,-23.52498,-46.6903,N,não consta,não consta,DPH/SMC,Crucifixo,bronze e granito,não consta,não consta,desconhecido,Praça Cornélia
1990,1990,Monsenhor Luiz Gonzaga de Moura,homem,Praça Cornélia,-23.52498,-46.6903,N,não consta,não consta,DPH/SMC,Herma,argamassa fulget e mármore,não consta,não consta,"ROTONDARO, Rafael",Praça Cornélia
1965,1965,Brigadeiro Rafael Tobias de Aguiar,homem,Praça Coronel Fernando Prestes,-23.53028,-46.63325,N,não consta,não consta,DPH/SMC,Estátua (MONUMENTO),bronze e granito,não consta,não consta,"MORRONE, Luiz",Praça Coronel Fernando Prestes
1900,19--,Aurora,mulher,Praça Coronel Lisboa,-23.64291,-46.69675,N,não consta,não consta,DPH/SMC,Estátua,ferro fundido e concreto,não consta,não consta,"MOREAU, Mathurin",Praça Coronel Lisboa
2001,2001,Família,ambos,Praça da Familia,-23.58335,-46.75119,N,não consta,não consta,DPH/SMC,Totem  (ESCULTURA),pedra sabăo e concreto,não consta,não consta,"BARRETO, Eduardo",Praça da Família
1976,1976,Governador Abreu Sodré,homem,Praça da Liberdade,-23.5555,-46.63561,N,não consta,não consta,DPH/SMC,Cabeça estela,bronze e concreto,não consta,não consta,"CALABRONE, Domenico",Praça da Liberdade
1995,1995,Tsuyoshi Mizumoto,homem,Praça da Liberdade,-23.5555,-46.63561,N,não consta,não consta,DPH/SMC,Cabeça,bronze e concreto,não consta,não consta,"MOTTA, Christina",Praça da Liberdade
1936,,Amizade Entre Os Povos,não figurativo,Praça da República,-23.54292,-46.64341,N,não consta,não consta,DPH/SMC,Marco,bronze e granito,não consta,não consta,desconhecido,Praça da República (interior da EMEI Armando de Arruda Pereira)
1959,1959,Baden Powell,homem,Praça da República,-23.54292,-46.64341,N,não consta,não consta,DPH/SMC,Busto,bronze e granito,não consta,não consta,"LAROCCA, Vicente",Praça da República
1930,1930,Caetano de Campos,homem,Praça da República,-23.54292,-46.64341,N,não consta,não consta,DPH/SMC,Herma,bronze e granito,não consta,não consta,"ZANI, Amadeo",Praça da República
1982,1982,Carolina Ribeiro,mulher,Praça da República,-23.54292,-46.64341,N,não consta,não consta,DPH/SMC,Herma,bronze e granilite,não consta,não consta,"MORRONE, Luiz",Praça da República
1909,1909,Cesário Mota,homem,Praça da República,-23.54292,-46.64341,N,não consta,não consta,DPH/SMC,Busto,bronze e granito,não consta,não consta,"ZANI, Amadeo",Praça da República
1969,1969,Doutor Luiz Lázaro Zamenhoff,homem,Praça da República,-23.54292,-46.64341,N,não consta,não consta,DPH/SMC,Herma,argamassa armada mármore e granito,não consta,não consta,"SAMPAIO M. E. GOMES, Fernando Martins",Praça da República
1956,1956,Martins Miragaia Dráusio e Camargo,homem,Praça da República,-23.54292,-46.64341,N,não consta,não consta,DPH/SMC,Marco,granito e concreto,não consta,não consta,desconhecido,Praça da República
1938,Entre 1938 - 1945,Mercúrio em Repouso,não figurativo,Praça da República,-23.54292,-46.64341,N,não consta,não consta,DPH/SMC,Estátua,bronze e granito,não consta,não consta,desconhecido,Praça da República
1938,Entre 1938 - 1945,Ninando a Boneca,mulher,Praça da República,-23.54292,-46.64341,N,não consta,não consta,DPH/SMC,Estátua,granito e bronze,não consta,não consta,"COLLUCINI, Lelio",Praça da República (interior da EMEI Armando de Arruda Pereira)
1979,,Abertura,não figurativo,Praça da Sé,-23.55068,-46.63412,S,"https://www.prefeitura.sp.gov.br/cidade/upload/2ffeb_17_T_Centro_Velho.pdf
",não consta,DPH/SMC,Escultura Abstrata,aço corten,não consta,RES. 17/2007,"CASTRO, Amílcar de",Praça da Sé
1978,1978,Condor,não figurativo,Praça da Sé,-23.55068,-46.63412,S,https://www.prefeitura.sp.gov.br/cidade/upload/2ffeb_17_T_Centro_Velho.pdf,não consta,DPH/SMC,Escultura Abstrata,bronze,não consta,RES. 17/2007,"GIORGI, Bruno",Praça da Sé
1979,1979,Diálogo,não figurativo,Praça da Sé,-23.55068,-46.63412,S,https://www.prefeitura.sp.gov.br/cidade/upload/2ffeb_17_T_Centro_Velho.pdf,não consta,DPH/SMC,Escultura Abstrata,chapas de aço pintadas,não consta,RES. 17/2007,"WEISSMAN, Franz",Praça da Sé
1979,1979,Emblema de Săo Paulo,não figurativo,Praça da Sé,-23.55068,-46.63412,S,https://www.prefeitura.sp.gov.br/cidade/upload/2ffeb_17_T_Centro_Velho.pdf,não consta,DPH/SMC,Escultura Abstrata,concreto armado e bronze,não consta,RES. 17/2007,"VALENTIN, Ruben",Praça da Sé
1979,1979,Espaço Cósmico,não figurativo,Praça da Sé,-23.55068,-46.63412,S,https://www.prefeitura.sp.gov.br/cidade/upload/2ffeb_17_T_Centro_Velho.pdf,não consta,DPH/SMC,Escultura Abstrata,aço inox e granito,não consta,RES. 17/2007,"TOYOTA, Yutaka",Praça da Sé
1979,1979,Garatuja,não figurativo,Praça da Sé,-23.55068,-46.63412,N,não consta,não consta,DPH/SMC,Escultura Abstrata,aço pintado,não consta,não consta,"NITSCHE, Marcelo",Praça da Sé (piso das bilheterias da Estaçăo Sé)
1934,1934,Marco Zero,não figurativo,Praça da Sé,-23.55068,-46.63412,S,https://www.prefeitura.sp.gov.br/cidade/upload/2ffeb_17_T_Centro_Velho.pdf,não consta,DPH/SMC,Marco quilométrico,mármore  bronze e granito,não consta,RES. 17/2007,"VILLIN, Jean Gabriel",Praça da Sé
1979,1979,Nuvem Sobre a Cidade,não figurativo,Praça da Sé,-23.55068,-46.63412,S,https://www.prefeitura.sp.gov.br/cidade/upload/2ffeb_17_T_Centro_Velho.pdf,não consta,DPH/SMC,Escultura Abstrata,aço inox,não consta,RES. 17/2007,"VLAVIANOS, Nicolas",Praça da Sé
1979,1979,Os Pássaros,não figurativo,Praça da Sé,-23.55068,-46.63412,N,não consta,não consta,DPH/SMC,Escultura Abstrata,bronze e granito,não consta,não consta,"LEIRNER, Felícia",Praça da Sé
1954,1954,Padre José de Anchieta Apóstolo do Brasil,homem,Praça da Sé,-23.55068,-46.63412,N,não consta,não consta,DPH/SMC,Estátua,bronze e granito,não consta,não consta,"USAI, Heitor",Praça da Sé
1900,19--,Sem Título,não figurativo,Praça da Sé,-23.55068,-46.63412,N,não consta,não consta,DPH/SMC,Escultura Abstrata,mármore,não consta,não consta,"CAMARGO, Sérgio",Praça da Sé
2000,2000,Sem Título,não figurativo,Praça da Sé,-23.55068,-46.63412,S,https://www.prefeitura.sp.gov.br/cidade/upload/2ffeb_17_T_Centro_Velho.pdf,não consta,DPH/SMC,Escultura Abstrata,aço inox e granito,não consta,RES. 17/2007,"CRAVO JÚNIOR, Mário",Praça da Sé
1998,1998,Sem Título,não figurativo,Praça da Sé,-23.55068,-46.63412,S,https://www.prefeitura.sp.gov.br/cidade/upload/2ffeb_17_T_Centro_Velho.pdf,não consta,DPH/SMC,Escultura Abstrata,concreto e ferro,não consta,RES. 17/2007,"RESENDE, José",Praça da Sé
1979,1979,Sem Título,não figurativo,Praça da Sé,-23.55068,-46.63412,S,https://www.prefeitura.sp.gov.br/cidade/upload/2ffeb_17_T_Centro_Velho.pdf,não consta,DPH/SMC,Escultura Abstrata,granito aço e concreto,não consta,RES. 17/2007,"STOCKINGER, Francisco",Praça da Sé
1979,1979,Totem Da Construçăo (antes estava Totem da Sé),não figurativo,Praça da Sé,-23.55068,-46.63412,S,https://www.prefeitura.sp.gov.br/cidade/upload/2ffeb_17_T_Centro_Velho.pdf,não consta,DPH/SMC,Escultura Abstrata,argamassa armada e concreto,não consta,RES. 17/2007,"CALABRONE, Domenico",Praça da Sé
1979,1979,Vôo,não figurativo,Praça da Sé,-23.55068,-46.63412,S,https://www.prefeitura.sp.gov.br/cidade/upload/2ffeb_17_T_Centro_Velho.pdf,não consta,DPH/SMC,Escultura Abstrata,aço inox e concreto,não consta,RES. 17/2007,"TORRES, Caciporé",Praça da Sé
1942,ca. 1942,Ascensăo,não figurativo,Praça das Guianas,-23.57172,-46.66527,N,não consta,não consta,DPH/SMC,Estátua,bronze e granito,não consta,não consta,"BRANDT, Charis",Praça das Guianas
1979,1979,Monumento a Federico Garcia Lorca,não figurativo,Praça das Guianas,-23.57172,-46.66527,N,não consta,não consta,DPH/SMC,Escultura Abstrata,ferro chapas metálicas recortadas e alvenaria,não consta,não consta,"CARVALHO, Flávio de",Praça das Guianas
1988,1988,Impressőes Paulistanas,homem,Praça Deputado Afrânio de Oliveira,-23.58554,-46.69265,N,não consta,não consta,DPH/SMC,Painel,concreto e bronze,não consta,não consta,"ZURITA, Rita de Cássia Ribeiro",Praça Deputado Afrânio de Oliveira
1981,1981,Domingo – Dia do Senhor,não figurativo,Praça Dia do Senhor,-23.58112,-46.66367,N,não consta,não consta,DPH/SMC,Marco,concreto,não consta,não consta,"GARCIA, Heitor Eiras",Praça Dia do Senhor
2000,2000,Padre Gregório Westrupp,homem,Praça Dia do Senhor,-23.58112,-46.66367,N,não consta,não consta,DPH/SMC,Herma,bronze e alvenaria de tijolos,não consta,não consta,"FERNANDES, Cláudia",Praça Dia do Senhor
1927,1927,Vitórias Esportivas na Europa,não figurativo,Praça Dionísio de Carvalho,-23.56689,-46.66963,N,não consta,não consta,DPH/SMC,Escultura Figurativa,alvenaria granito e bronze,não consta,não consta,"RODRIGUES, José Wasth; MINGO, Roque de",Praça Dionísio de Carvalho
1982,1982,Monumento a ACM,não figurativo,Praça do Acemista,-23.52031,-46.72145,N,não consta,não consta,DPH/SMC,Escultura Abstrata,concreto armado,não consta,não consta,"GUIMARĂES, Antonio Carlos Barbosa",Praça do Acemista
1990,1990,Centenário de Vila Prudente,não figurativo,Praça do Centenário de Vila Prudente,-23.58168,-46.58308,N,não consta,não consta,DPH/SMC,Obelisco,concreto armado granito mármore e aço escovado,não consta,não consta,"ABRAHĂO, Délcio (Engenheiro)",Praça Centenário de Vila Prudente
1988,1988,Monumento ao Imigrante Italiano,homem,Praça do Imigrante Italiano,-23.58059,-46.68324,N,não consta,não consta,DPH/SMC,Painel,bronze e mármore,não consta,não consta,"EMENDABILI, Galileo",Praça Imigrante Italiano
1982,1982,Monumento ao Maçom,homem,Praça do Maçon,-23.520638,-46.721912,N,não consta,não consta,DPH/SMC,Totem,concreto armado piso: mosaico portuguęs com calcário e basalto,não consta,não consta,"ALEXANDRE, Carlos Alberto Inácio",Praça do Maçom
1972,1972,José Bonifácio de Andrada e Silva Patriarca da Independência,homem,Praça do Patriarca,-23.54743,-46.63635,N,não consta,não consta,DPH/SMC,Estátua,bronze e granito,não consta,não consta,"CESCHIATTI, Alfredo",Praça do Patriarca
2000,ca. 2000,Homenagem Aos Húngaros,não figurativo,Praça do Povo,-23.45495,-46.52576,N,não consta,não consta,DPH/SMC,Alto relevo,bronze e granito,não consta,não consta,LEBÚF,Praça do Povo Húngaro
1963,1963,Dom Gastăo Liberal Pinto,homem,Praça Dom Gastão Liberal Pinto,-23.5835,-46.67006,N,não consta,não consta,DPH/SMC,Estátua,bronze e granito,não consta,não consta,"CAMAROTTO, Arthur",Praça Dom Gastăo Liberal Pinto
1942,1942,Camőes,homem,Praça Dom José Gaspar,-23.54673,-46.64216,N,não consta,não consta,DPH/SMC,Estátua,bronze e granito,não consta,não consta,"CUCÊ, José",Praça Dom José Gaspar
1947,1947,Cervantes,homem,Praça Dom José Gaspar,-23.54673,-46.64216,N,não consta,não consta,DPH/SMC,Estátua,bronze e granito,não consta,não consta,"GALVEZ, Rafael",Praça Dom José Gaspar
1954,1954,Chopin,homem,Praça Dom José Gaspar,-23.54673,-46.64216,N,não consta,não consta,DPH/SMC,Máscara estela,bronze e granito,não consta,não consta,desconhecido,Praça Dom José Gaspar
1947,1947,Cruzeiro,não figurativo,Praça Dom José Gaspar,-23.54673,-46.64216,N,não consta,não consta,DPH/SMC,Cruzeiro,granito,não consta,não consta,desconhecido,Praça Dom José Gaspar
1955,1955,Dante,homem,Praça Dom José Gaspar,-23.54673,-46.64216,N,não consta,não consta,DPH/SMC,Estátua,mármore,não consta,não consta,"GIORGI, Bruno",Praça Dom José Gaspar
1976,1976,Goethe,homem,Praça Dom José Gaspar,-23.54673,-46.64216,N,não consta,não consta,DPH/SMC,Cabeça,bronze e mármore,não consta,não consta,"SIGULDA, Tao",Praça Dom José Gaspar
1946,1946,Mário de Andrade,homem,Praça Dom José Gaspar,-23.54673,-46.64216,N,não consta,não consta,DPH/SMC,Cabeça,bronze e granito,não consta,não consta,"GIORGI, Bruno",Praça Dom José Gaspar
1983,,Adoniran Barbosa,homem,Praça Dom Orione,-23.56065,-46.64579,N,não consta,não consta,DPH/SMC,Herma,bronze e granito,não consta,não consta,"MORRONE, Luiz",Praça Dom Orione
1972,1972,Dom Luiz Orione,homem,Praça Dom Orione,-23.56065,-46.64579,N,não consta,não consta,DPH/SMC,Herma,bronze e granito,não consta,não consta,"MORRONE, Luiz",Praça Dom Orione
1900,19--,Nossa Senhora Auxiliadora,mulher,Praça Domingos Correia da Cruz,-23.4913,-46.63361,N,não consta,não consta,DPH/SMC,Estátua,argamassa armada e concreto,não consta,não consta,desconhecido,Praça Domingos Correia da Cruz
1997,,A Torre,não figurativo,Praça dos Libaneses,-23.61525,-46.691,N,não consta,não consta,DPH/SMC,Escultura Abstrata,aço corten e bronze,não consta,não consta,"PIZA, Arthur Luiz",Praça dos Libaneses (Avenida Jornalista Roberto Marinho)
2000,2000,Passaredo,homem,Praça dos Omaguás,-23.562321,-46.692206,N,não consta,não consta,DPH/SMC,Escultura Figurativa,bronze e granito,não consta,não consta,"EID, Odette",Praça dos Omaguás
1978,1978,Crucifixo,não figurativo,Praça Doutor Afrodísio Vidigal,-23.57769,-46.64109,N,não consta,não consta,DPH/SMC,Crucifixo,bronze e granito,não consta,não consta,desconhecido,Praça Doutor Afrodísio Vidigal
1970,1970,Romeiros de Pirapora,homem,Praça Doutor Francisco Ferreira Lopes,-23.64672,-46.70868,N,não consta,não consta,DPH/SMC,Painel,alvenaria  concreto mosaico de pedras e pintura mural,não consta,não consta,"GUERRA, Julio",Praça Francisco Ferreira Lopes
1950,1950,Contando a Féria,não figurativo,Praça Doutor João Mendes,-23.55209,-46.63412,S,https://www.prefeitura.sp.gov.br/cidade/upload/2ffeb_17_T_Centro_Velho.pdf,não consta,DPH/SMC,Grupo escultórico,bronze e granito,não consta,RES. 17/2007,"CIPICCHIA, Ricardo",Praça Doutor Joăo Mendes
1988,1988,Joăo Mendes,homem,Praça Doutor João Mendes,-23.55209,-46.63412,N,não consta,não consta,DPH/SMC,Herma,bronze e concreto,não consta,não consta,"ZADIG, William",Praça Doutor Joăo Mendes
1958,,Acabou a Greve,não figurativo,Praça Doutor Sampaio Vidal,-23.56734,-46.54107,N,não consta,não consta,DPH/SMC,Estátua,bronze e granito,não consta,não consta,"CIPICCHIA, Ricardo",Praça Doutor Sampaio Vidal
1988,1988,Washington Pelúcio,não figurativo,Praça Dr. Washington Pelúcio,-23.58593,-46.63022,N,não consta,não consta,DPH/SMC,Marco,granito,não consta,não consta,desconhecido,Praça Washington Pelúcio
1996,1996,Edgard Hermelino Leite,homem,Praça Edgard Hermelino Leite,-23.59818,-46.67484,N,não consta,não consta,DPH/SMC,Herma,bronze e granito,não consta,não consta,"MELLO, Rodolfo Veríssimo de",Praça Edgard Hermelino Leite
1979,1979,Polivolume: conexăo livre (Homenagem a Pedro de Toledo),homem,Praça Eisenhower,-23.582355,-46.65605,N,não consta,não consta,DPH/SMC,Escultura Abstrata,concreto e aço inox,não consta,não consta,"VIEIRA, Mary",Praça Eisenhower
1994,1994,Centenário de Vila Ema,não figurativo,Praça Ema Nothmann,-23.59023,-46.53812,N,não consta,não consta,DPH/SMC,Marco,concreto granito e bronze,não consta,não consta,desconhecido,Praça Emma Nothmann
1900,19--,Sem Identificaçăo,não figurativo,Praça Eng. Maury de Freitas Julião,-23.63026,-46.64162,N,não consta,não consta,DPH/SMC,Marco,concreto e alvenaria,não consta,não consta,desconhecido,Praça Engenheiro Maury de Freitas Juliăo
1992,1992,Estado da Palestina,não figurativo,Praça Estado da Palestina,-23.57654,-46.64487,N,não consta,não consta,DPH/SMC,Marco,mármore e bronze,não consta,não consta,desconhecido,Praça Estado da Palestina
1970,,Adolfo Augusto Pinto,homem,Praça Esther Mesquita,-23.54091,-46.66219,N,não consta,não consta,DPH/SMC,Herma,bronze e concreto,não consta,não consta,"ZANI, Amadeo",Praça Ester Mesquita
2009,2009,Francisco Cintra Gordinho,homem,Praça Francisco Nardi Filho,-23.58243,-46.73363,N,não consta,não consta,DPH/SMC,Busto,bronze e granito,não consta,não consta,"FERNANDES, Cláudia",Praça Dr. Francisco Cintra Gordinho
1999,1999,Pedras em Homenagem a Friedrich Naumann,homem,Praça Friedrich Naumann,-23.630416,-46.673161,N,não consta,não consta,DPH/SMC,Marco,alumínio e pedras,não consta,não consta,desconhecido,Praça Friedrich Naumann
1979,1979,Sem Título,não figurativo,Praça General Enéias Martins Nogueira,-23.60223,-46.69456,N,não consta,não consta,DPH/SMC,Escultura Abstrata,madeira,não consta,não consta,"BRACHER, Elisa",Praça General Enéas Martin Nogueira
1940,Entre 1940 - 1945,Discóbolo,homem,Praça General Polidoro,-23.57117,-46.63077,N,não consta,não consta,DPH/SMC,Chafariz Estátua,argamassa armada concreto e bronze,não consta,não consta,desconhecido,Praça General Polidoro
1980,1980,San Martin,homem,Praça General San Martin,-23.56474,-46.67274,N,não consta,não consta,DPH/SMC,Estátua,bronze e granito,não consta,não consta,BERNA A.,Praça General San Martin
1989,ca. 1989,Monumento ŕ Infância – 30 Anos da Declaraçăo Universal Dos Direitos da Criança,ambos,Praça Giordano Bruno,-23.59084,-46.6289,N,não consta,não consta,DPH/SMC,Painel,concreto armado,não consta,não consta,"MATTOS, Manoel G.",Praça Giordano Bruno
1969,1969,Guilherme Kawall,homem,Praça Guilherme Kawall,-23.57364,-46.69288,N,não consta,não consta,DPH/SMC,Placa,bronze e concreto,não consta,não consta,desconhecido,Praça Guilherme Kawall
1993,1993,Homenagem a Jesus Teixeira da Costa,homem,Praça Hereny da Costa,-23.58978,-46.53435,N,não consta,não consta,DPH/SMC,Busto,bronze e concreto,não consta,não consta,desconhecido,Praça Jesus Teixeira da Costa
1985,1985,Monumento aos heróis da FEB,homem,Praça Heróis da Força Exp. Brasileira,-23.50444,-46.62729,N,não consta,não consta,DPH/SMC,Hélice,bronze metal concreto e granito,não consta,não consta,desconhecido,Praça Heróis da Força Expedicionária Brasileira
1995,1995,Praça Hussam Eddine Hariri,não figurativo,Praça Hussam Eddine Hariri,-23.61779,-46.66125,N,não consta,não consta,DPH/SMC,Marco,concreto e bronze,não consta,não consta,desconhecido,Praça Hussam Eddine Hariri
1999,1999,Nossa Senhora de Fatima,mulher,Praça Israel,-23.69395,-46.71394,N,não consta,não consta,DPH/SMC,Estátua,gesso granito e alumínio,não consta,não consta,desconhecido,Praça Israel
1947,1947,Cruzeiro,não figurativo,Praça Itálico Ancona Lopez,-23.49688,-46.69002,N,não consta,não consta,DPH/SMC,Cruzeiro,alvenaria de tijolos aparentes,não consta,não consta,desconhecido,Praça Itálico Ancona Lopes
2002,2002,Ouriço,não figurativo,Praça João Duran Alonso,-23.60223,-46.69222,N,não consta,não consta,DPH/SMC,Escultura Abstrata,aço corten,não consta,não consta,"TUCCI, Sandra",Praça Joăo Duran Alonso
1971,1971,Monumento ŕ Aldeia de Nossa Senhora Dos Pinheiros,não figurativo,Praça João Nassar,-23.56753,-46.69354,N,não consta,não consta,DPH/SMC,Totem,bronze e granito,não consta,não consta,"MORRONE, Luiz",Praça Joăo Nassar
2018,2018,Ex-Libris,não figurativo,Praça João Tadeu Priolli,-23.63369,-46.77663,N,não consta,não consta,DPH/SMC,Escultura,Chapa de ferro pintado na cor vermelha e concreto armado,não consta,não consta,"RUZA, Mário Donizete",Praça João Tadeu Priolli
1988,1988,John Graz,homem,Praça John Graz,-23.55811,-46.68215,N,não consta,não consta,DPH/SMC,Cabeça,bronze concreto e mármore,não consta,não consta,"KWIATKOWSKA, Hanna",Praça John Graz
2003,2003,Orlando Villas Bôas,homem,Praça John Lennon,-23.52607,-46.71902,N,não consta,não consta,DPH/SMC,Herma,bronze granito e aço,não consta,não consta,"BORGO, Ari",Praça John Lennon
1995,1995,Praça José Alves Pereira,não figurativo,Praça José Alves Pereira,-23.45136,-46.74593,N,não consta,não consta,DPH/SMC,Marco,argamassa e bronze,não consta,não consta,desconhecido,Praça José Alves Pereira
1996,1996,Praça José Augusto Velloso,não figurativo,Praça José Augusto Velloso,-23.60414,-46.62568,N,não consta,não consta,DPH/SMC,Marco,concreto e aço escovado,não consta,não consta,desconhecido,Praça José Augusto Velloso
2000,2000,Pátria e Família (Fragmento do Monumento a Olavo Bilac),homem,Praça José Moreno,-23.53659,-46.57188,N,não consta,não consta,DPH/SMC,Grupo escultórico,bronze concreto e mármore,não consta,não consta,"ZADIG, William",Praça José Moreno
1998,1998,Centenário da Paróquia Santa Cruz,não figurativo,Praça Júlio César Campos,-23.8282,-46.73068,N,não consta,não consta,DPH/SMC,Marco,alvenaria granito ferro e azulejos,não consta,não consta,desconhecido,Praça Júlio César de Campos
1927,1927,Fonte Monumental,não figurativo,Praça Júlio Mesquita,-23.54072,-46.64251,N,não consta,não consta,DPH/SMC,Chafariz,mármore Carrara e bronze,não consta,não consta,"COUTO, Nicolina Vaz de Assis Pinto do",Praça Júlio Mesquita
1960,196-,Alfredo Maia,homem,Praça Júlio Prestes,-23.53478,-46.64107,N,não consta,não consta,DPH/SMC,Grupo escultórico,bronze e granito,não consta,não consta,"ZANI, Amadeo",Praça Júlio Prestes
1900,19--,Semear,não figurativo,Praça Klaus Válter Zulauf,-23.60448,-46.7032,N,não consta,não consta,DPH/SMC,Estátua,bronze e cimento,não consta,não consta,"KISLANSKY, Israel",Praça Klaus Walter Zulauf
1991,1991,Lasar Segall,homem,Praça Lasar Segall,-23.59278,-46.63718,N,não consta,não consta,DPH/SMC,Totem,granito ferro pintado e bronze,não consta,não consta,desconhecido,Praça Lasar Segall
1989,1989,Simón Bolívar,homem,Praça Libertador Simon Bolívar,-23.57509,-46.67107,N,não consta,não consta,DPH/SMC,Herma,bronze e mármore,não consta,não consta,PRATTI E.,Praça Libertador Simón Bolívar
2004,,Alegres Saudaçőes Para Lucinha,não figurativo,Praça Lucinha Mendonça,-23.60534,-46.65128,N,não consta,não consta,DPH/SMC,Escultura Abstrata,aço pintado,não consta,não consta,"NITSCHE, Marcelo",Praça Lucinha Mendonça
2008,2008,Monumento Ŕs Musas da Escultura e da Engenharia,não figurativo,Praça Luis Carlos Paraná,-23.58213,-46.6841,N,não consta,não consta,DPH/SMC,Grupo escultórico,bronze e granito,não consta,não consta,"EMENDABILI, Galileo",Praça Luís Carlos Paraná
1938,Entre 1938 - 1945,Celso Garcia,homem,Praça Major Guilherme Rudge,-23.53734,-46.58894,N,não consta,não consta,DPH/SMC,Herma,bronze e granito,não consta,não consta,"PETRUCCI, Lorenzo",Praça Major Guilherme Rudge
1960,196-,Barbeiro Anedes,homem,Praça Marcos Manzini,-23.64418,-46.70895,N,não consta,não consta,DPH/SMC,Painel,alvenaria de tijolos concreto e mosaico de pedras,não consta,não consta,"GUERRA, Julio",Praça Marcos Manzini
1990,1990,IGUATINGA (Fragmento do Monumento a Paulo Eiró),não figurativo,Praça Marcos Manzini,-23.64418,-46.70895,N,não consta,não consta,DPH/SMC,Estátua,bronze,não consta,não consta,"GUERRA, Julio",Praça Marcos Manzini (interior da Biblioteca Prestes Maia)
1991,1991,Caminho,não figurativo,Praça Marechal Cordeiro de Farias,-23.55435,-46.66427,N,não consta,não consta,DPH/SMC,Escultura Abstrata,alumínio pintado,não consta,não consta,"AMARAL, Lilian; BASSANI, Jorge",Praça Marechal Cordeiro de Farias
1929,1929,Doutor Luís Pereira Barreto,homem,Praça Marechal Deodoro,-23.53384,-46.65581,N,não consta,não consta,DPH/SMC,Grupo escultórico,bronze e granito,não consta,não consta,"EMENDABILI, Galileo",Praça Marechal Deodoro
2011,2011,Monumento ao Trabalhador do Asseio Conservaçăo e Limpeza Urbana,homem,Praça Marechal Deodoro,-23.53384,-46.65581,N,não consta,não consta,DPH/SMC,Estátua,bronze,não consta,não consta,"TOLEDO, Murilo Sá",Praça Marechal Deodoro
1940,ca. 1940,O índio e o tamanduá,homem,Praça Marechal Deodoro,-23.53384,-46.65581,N,não consta,não consta,DPH/SMC,Grupo escultórico,bronze e granito,não consta,não consta,desconhecido,Praça Marechal Deodoro
1953,Entre 1950 - 1953,Monumento a Paulo Eiró,homem,Praça Marechal Floriano Peixoto,-23.647024,-46.702238,N,não consta,não consta,DPH/SMC,Chafariz Toten,alvenaria e mosaico de pedras,não consta,não consta,"GUERRA, Julio",Praça Marechal Floriano Peixoto
1946,1946,Tenente Coronel Carlos da Silva Araújo,homem,Praça Marechal Floriano Peixoto,-23.647024,-46.702238,N,não consta,não consta,DPH/SMC,Herma,bronze e granito,não consta,não consta,"GUERRA, Julio",Praça Marechal Floriano Peixoto
1900,19--,Menorah,não figurativo,Praça Mashiac Now,-23.51172,-46.62145,N,não consta,não consta,DPH/SMC,Candelabro,concreto e ferro,não consta,não consta,desconhecido,Praça Mashiach Now
1993,1993,Praça Máximos IV Sayegh,não figurativo,Praça Máximos IV Sayegh,-23.57609,-46.64253,N,não consta,não consta,DPH/SMC,Marco,concreto e granito,não consta,não consta,desconhecido,Praça Máximos IV Sayegh
1999,ca. 1999,Moraes Sarmento,homem,Praça Moraes Sarmento,-23.54619,-46.67322,N,não consta,não consta,DPH/SMC,Medalhăo estela,bronze e concreto,não consta,não consta,desconhecido,Praça Moraes Sarmento
1938,Entre 1938 - 1945,Último Acorde,não figurativo,Praça Morungaba,-23.57715,-46.68433,N,não consta,não consta,DPH/SMC,Estátua,granito e bronze,não consta,não consta,"COLUCCINI, Lélio",Praça Morungaba
1900,19--,Cruz Papal,não figurativo,Praça Nossa Senhora do Brasil,-23.56978,-46.6721,N,não consta,não consta,DPH/SMC,Cruzeiro,fulget e pastilhas,não consta,não consta,desconhecido,Praça Nossa Senhora do Brasil
1900,19--,Aos Pracinhas a Homenagem e a Gratidăo do Parque Novo Mundo,homem,Praça Novo Mundo,-23.51734,-46.56766,N,não consta,não consta,DPH/SMC,Obelisco,granito,não consta,não consta,desconhecido,Praça Novo Mundo
2004,2004,Homenagem ao Căo Salomăo,não figurativo,Praça Oscar da Silva,-23.5073,-46.60123,N,não consta,não consta,DPH/SMC,Marco,alvenaria de tijolos e aço,não consta,não consta,desconhecido,Praça Oscar da Silva
1920,192-,Índio Pescador,homem,Praça Oswaldo Cruz,-23.57156,-46.64439,N,não consta,não consta,DPH/SMC,Chafariz Estátua,bronze alvenaria e argamassa de cimento,não consta,não consta,"LEOPOLDO E SILVA, Francisco",Praça Oswaldo Cruz
2013,11/2013,Plexus,não figurativo,Praça Oswaldo Cruz,-23.57156,-46.64439,N,não consta,não consta,DPH/SMC,Estátua,alumínio,não consta,não consta,"BONOMI, Maria",Praça Oswaldo Cruz - Av. Bernardino de Campos x Av. Paulista
1989,1989,Padre Charboneau,homem,Praça Padre Arnaldo,-23.51503,-46.72003,N,não consta,não consta,DPH/SMC,Marco,granito e bronze,não consta,não consta,desconhecido,Praça Padre Charboneau
1977,1977,Padre Bento Dias Pacheco,homem,Praça Padre Bento,-23.5331,-46.61867,N,não consta,não consta,DPH/SMC,Estátua,bronze e granito,não consta,não consta,desconhecido,Praça Padre Bento
1932,1932,Santo de Lisboa,não figurativo,Praça Padre Bento,-23.5331,-46.61867,N,não consta,não consta,DPH/SMC,Grupo escultórico,bronze e granito,não consta,não consta,"FRICK, Ferdinando",Praça Padre Bento
2000,2000,Força Expedicionária Brasileira,não figurativo,Praça Padre Damião,-23.58148,-46.58533,N,não consta,não consta,DPH/SMC,Marco,ferro concreto e bronze,não consta,não consta,desconhecido,Praça Padre Damiăo
1992,1992,Cristóforo Colombo,homem,Praça Panamericana,-23.55456,-46.70894,N,não consta,não consta,DPH/SMC,Estátua,bronze e granito,não consta,não consta,"MORRONE, Luiz",Praça Panamericana
1993,1993,Quinhentos Anos de Miscigenaçăo,não figurativo,Praça Panamericana,-23.55456,-46.70894,N,não consta,não consta,DPH/SMC,Marco,concreto e cerâmica,não consta,não consta,"MONK, Barry",Praça Panamericana
1985,ca. 1985,Padre José Kentenich,homem,Praça Pe. José Kentenich,-23.45099,-46.73094,N,não consta,não consta,DPH/SMC,Herma,ferro e concreto,não consta,não consta,desconhecido,Praça Padre José Kentenich
1944,ca. 1944,Diana a Caçadora,mulher,Praça Pedro Lessa,-23.54229,-46.63565,N,não consta,não consta,DPH/SMC,Estátua,bronze e argamassa,não consta,não consta,desconhecido,Praça Pedro Lessa
1978,1978,Crucifixo,não figurativo,Praça Pérola Byington,-23.55616,-46.63976,N,não consta,não consta,DPH/SMC,Crucifixo,bronze e granito,não consta,não consta,desconhecido,Praça Pérola Byington
2002,2002,Carlos Drummond de Andrade,homem,Praça Poe. Carlos Drummond de Andrade,-23.61207,-46.71169,N,não consta,não consta,DPH/SMC,Marco,granito,não consta,não consta,desconhecido,Praça Poeta Drummond de Andrade
1977,1977,Antonieta Rudge,mulher,Praça Portugal,-23.56446,-46.67817,N,não consta,não consta,DPH/SMC,Cabeça,bronze e granito,não consta,não consta,"MORRONE, Luiz",Praça Portugal
2008,2008,Gibran Khalil Gibran,homem,Praça Prf. Jairo de Almeida Ramos,-23.59602,-46.66415,N,não consta,não consta,DPH/SMC,Cabeça,bronze e granito,não consta,não consta,"EID, Odette",Praça Professor Jairo de Almeida Ramos
2000,2000,Homenagem da Colônia Líbano-Brasileira em Comemoraçăo dos 500 Anos do Descobrimento do Brasil,homem,Praça Prf. Jairo de Almeida Ramos,-23.59602,-46.66415,N,não consta,não consta,DPH/SMC,Escultura Figurativa,bronze e granito,não consta,não consta,"EID, Odette",Praça Professor Jairo de Almeida Ramos
1973,1973,Professor Jairo de Almeida Ramos,homem,Praça Prf. Jairo de Almeida Ramos,-23.59602,-46.66415,N,não consta,não consta,DPH/SMC,Placa,alvenaria de tijolos e bronze,não consta,não consta,desconhecido,Praça Professor Jairo de Almeida Ramos
1960,1960,Monumento ao Duque de Caxias,homem,Praça Princesa Isabel,-23.53658,-46.64268,N,não consta,não consta,DPH/SMC,Estátua,bronze e granito,Pro SC 49698/04,não consta,"BRECHERET, Victor",Praça Princesa Isabel
1975,ca. 1975,Nostalgia,não figurativo,Praça Professor Cardim,-23.58007,-46.70171,N,não consta,não consta,DPH/SMC,Estátua,mármore granito e bronze,não consta,não consta,"LEOPOLDO E SILVA, Francisco",Praça Professor Cardim
1979,1979,Sem Título,não figurativo,Praça Professor José Lannes,-23.60107,-46.69175,N,não consta,não consta,DPH/SMC,Escultura Abstrata,aço pintado,não consta,não consta,"OHTAKE, Tomie",Praça Professor José Lannes
1988,1988,Professor Mário Olavo Guzzo,homem,Praça Professor Mário Bulcão,-23.60708,-46.56352,N,não consta,não consta,DPH/SMC,Herma,bronze e argamassa,não consta,não consta,"MORRONE, Luiz",Praça Professor Mário Olavo Guzzo
1940,194-,O Ceifador,homem,Praça Professor Resende Puech,-23.55891,-46.69659,N,não consta,não consta,DPH/SMC,Estátua,mármore e granito,não consta,não consta,"MOREAU, Mathurin",Praça Professor Resende Puech
1988,1988,Fernando Pessoa,homem,Praça Professora Emília Barbosa Lima,-23.54602,-46.70294,N,não consta,não consta,DPH/SMC,Busto,bronze e granito,não consta,não consta,"VILLAR, Maria Irene",Praça Professor Rossini Tavares de Lima
1985,1985,Infante Dom Henrique,homem,Praça Professora Emília Barbosa Lima,-23.54602,-46.70294,N,não consta,não consta,DPH/SMC,Estátua,bronze e granito,não consta,não consta,"MORRONE, Luiz",Praça Professor Rossini Tavares de Lima
1992,1992,Conselheiro Joăo José da Silva Carrăo,não figurativo,Praça Quinze de Outubro,-23.553,-46.52823,N,não consta,não consta,DPH/SMC,Herma,bronze e argamassa,não consta,não consta,"SANTOS, Adilson Charles dos",Praça Quinze de Outubro
1988,,Amizade Sírio-Libanesa,não figurativo,Praça Ragueb Chohfi,-23.54487,-46.63158,S,https://www.prefeitura.sp.gov.br/cidade/upload/2ffeb_17_T_Centro_Velho.pdf,não consta,DPH/SMC,Grupo escultórico,bronze e granito,não consta,RES. 17/2007,"XIMENES, Ettore",Praça Ragueb Chohfi
1988,1988,Ragueb Chohfi,homem,Praça Ragueb Chohfi,-23.54487,-46.63158,N,não consta,não consta,DPH/SMC,Herma,bronze e granito,não consta,não consta,desconhecido,Praça Ragueb Chohfi
1922,1922,Monumento a Carlos Gomes,homem,Praça Ramos de Azevedo,-23.54509,-46.63809,S,https://www.prefeitura.sp.gov.br/cidade/upload/d475b_37_T_Vale_do_Anhangabau.pdf,não consta,DPH/SMC,Chafariz grupo escultórico,bronze  mármore e granito,não consta,RES. 37/1992,"BRIZZOLLARA, Luiz",Praça Ramos de Azevedo
1930,1930,Rui Barbosa,homem,Praça Ramos de Azevedo,-23.54509,-46.63809,N,não consta,não consta,DPH/SMC,Estátua,bronze e granito,não consta,não consta,"CUCÉ, José",Praça Ramos de Azevedo
1958,1958,O Ferroviário,homem,Praça René Barreto,-23.51797,-46.70718,N,não consta,não consta,DPH/SMC,Estátua,bronze e granito,não consta,não consta,"CIPICCHIA, Ricardo",Praça Renê Barreto
1976,1976,V Aniversário da Paineira,não figurativo,Praça René Barreto,-23.51797,-46.70718,N,não consta,não consta,DPH/SMC,Marco,alvenaria de tijolos e bronze,não consta,não consta,desconhecido,Praça Renê Barreto
1992,1992,Monumento em Homenagem Aos Pioneiros da Imigraçăo Coreana,homem,Praça República da Koréia,-23.53579,-46.61632,N,não consta,não consta,DPH/SMC,Marco,granito e metal,não consta,não consta,desconhecido,Praça República da Coréia
1985,1985,Monumento da Liberdade – Marco Comemorativo do Cinqüentenário da Imigraçăo Lituana,não figurativo,Praça República Lituana,-23.58998,-46.57637,N,não consta,não consta,DPH/SMC,Coluna,bronze concreto e granito,não consta,não consta,desconhecido,Praça República Lituana
1989,1989,Monumento Mohamed V,homem,Praça Rodrigues de Abreu,-23.57162,-46.64085,N,não consta,não consta,DPH/SMC,Fonte,alvenaria e mosaico marroquino,não consta,não consta,"CHABAA, Mohamed",Praça Rodrigues de Abreu
2007,2007,Estrela Cadente,não figurativo,Praça Rotary Club,-23.555192,-46.635461,N,não consta,não consta,DPH/SMC,Escultura Figurativa,aço pintado,não consta,não consta,"BUENO, Renata",Praça Rotary Club de Săo Paulo - Butantă
1994,ca. 1994,Salah Saliby,homem,Praça Salan Saliby,-23.59465,-46.65379,N,não consta,não consta,DPH/SMC,Herma,bronze e granito,não consta,não consta,desconhecido,Praça Salah Saliby
1900,19--,Cristo Redentor,homem,Praça Salvador Allende,-23.61875,-46.61017,N,não consta,não consta,DPH/SMC,Estátua,argamassa armada,não consta,não consta,desconhecido,Praça Salvador Allende
1989,ca. 1989,Salvador Allende,homem,Praça Salvador Allende,-23.61875,-46.61017,N,não consta,não consta,DPH/SMC,Marco,granito e bronze,não consta,não consta,desconhecido,Praça Salvador Allende
1938,1938,Cruz de Anchieta,não figurativo,Praça Santa Cruz,-23.64847,-46.70248,N,não consta,não consta,DPH/SMC,Cruzeiro,granitobronze e azulejos,não consta,não consta,"LARROCA, Vicente; RODRIGUES, José Wasth",Praça Santa Cruz
2008,2008,Măo Que Segura Pedra Pequena,não figurativo,Praça Silva Teles,-23.49731,-46.40067,N,não consta,não consta,DPH/SMC,Escultura Figurativa,aço e concreto,não consta,não consta,"MARTINS, Juarez",Praça Silva Teles
2002,2002,Parque das Cores do Escuro,não figurativo,Praça Soichiro Honda,-23.59217,-46.6506,N,não consta,não consta,DPH/SMC,Instalação Artística,"quartzo rosa, verde, branco e marrom; granito; magnetita com calcita branca, calcita vermelha, serpentinita preta",não consta,não consta,"TOLEDO, Amelia",Praça Soichiro Honda
2002,2002,Mahatma Gandhi,homem,Praça Túlio Fontoura,-23.58116,-46.65753,N,não consta,não consta,DPH/SMC,Estátua,bronze e granito,não consta,não consta,"PAL, Gautan",Praça Túlio Fontoura
1981,ca. 1981,Túlio Fontoura,homem,Praça Túlio Fontoura,-23.58116,-46.65753,N,não consta,não consta,DPH/SMC,Cabeça,bronze argamassa e mármore,não consta,não consta,desconhecido,Praça Túlio Fontoura
1900,19--,Praça Uirapuru,não figurativo,Praça Uirapuru,-23.59283,-46.70031,N,não consta,não consta,DPH/SMC,Marco,bronze e granito,não consta,não consta,desconhecido,Praça Uirapuru
1997,ca. 1997,Vicente Mateus,homem,Praça Vicente Matheus,-23.54869,-46.60208,N,não consta,não consta,DPH/SMC,Totem,bronze e concreto,não consta,não consta,desconhecido,Praça Vicente Mateus
2007,,Andando - Monumento a Săo Paulo,não figurativo,Praça Vinícius de Moraes,-23.59791,-46.71163,N,não consta,não consta,DPH/SMC,Estátua,bronze e alvenaria revestida de granito,não consta,não consta,"EMENDABILI, Galileo",Praça Vinicius de Moraes
2019,2019,Ampliação do Troféu do Prêmio Jornalístico Vladimir Herzog,não figurativo,Praça Vladimir Herzog,-23.43468,-46.77579,N,não consta,não consta,DPH/SMC,Escultura,"Alumínio, concreto armado e granito preto",não consta,não consta,"ANDREATO, Elifas",Praça Vladimir Herzog
1988,ca. 1988,Monumento ŕ Saúde,não figurativo,Praça Willian Colgate,-23.55465,-46.74277,N,não consta,não consta,DPH/SMC,Grupo escultórico,bronze granito e azulejos,não consta,não consta,"CANATO, J.C.",Praça Willian Colgate
1994,1994,Monumento ao Pêssego,não figurativo,Praça Yasuo Yamamoto,-23.5689,-46.44721,N,não consta,não consta,DPH/SMC,Marco,concreto e bronze,não consta,não consta,desconhecido,Praça Yasuo Yamamoto
1970,197-,Monumento ŕ Legalidade,não figurativo,Rua Amambaí,-23.52,-46.58676,N,não consta,não consta,DPH/SMC,Estátua,bronze,não consta,não consta,"LAROCCA, Vicente","Rua Amambaí, 9 (interior do III Batalhăo de Choque da Polícia Militar de Săo Paulo)"
1974,1974,David,homem,Rua Canuto de Abreu,-23.5556,-46.55968,N,não consta,não consta,DPH/SMC,Estátua,argamassa armada e bronze,não consta,não consta,desconhecido,Rua Canuto Abreu (em frente ao CERET)
1989,1989,Cora Coralina,mulher,Rua Cora Coralina,-23.582281,-46.664806,N,não consta,não consta,DPH/SMC,Herma,bronze concreto e granito,não consta,não consta,"AGOSTINHO, Aucione Torres",Praça Cora Coralina
1980,1980,Thomas Alva Edson,homem,Rua da Consolação,-23.55193,-46.65783,N,não consta,não consta,DPH/SMC,Marco,concreto e neon,não consta,não consta,"FILHO, Joăo Valente",Rua da Consolaçăo (cruzamento com Avenida Paulista)
2014,2014,Totem em Homenagem a Dona Michie Akama,mulher,Rua Domingos de Morais,-23.59115,-46.63545,N,não consta,não consta,DPH/SMC,Totem,granito e basalto,não consta,não consta,"KAMIMURA, Massayoshi",Av. Domingos de Moraes x Rua Luís Góis
1958,ca. 1958,Rua Engenheiro Edgard Egydio de Souza,não figurativo,Rua Engenheiro Edgard Egídio de Sousa,-23.54171,-46.66353,N,não consta,não consta,DPH/SMC,Marco,alvenaria de tijolos e bronze,não consta,não consta,desconhecido,Rua Engenheiro Edgar Egydio de Souza
1994,ca. 1994,Nossa Senhora de Fatima,mulher,Rua Engenheiro Mário Leite,-23.64572,-46.71983,N,não consta,não consta,DPH/SMC,Estátua,gesso argamassa e correntes de ferro,não consta,não consta,desconhecido,Praça Engenheiro Mário Ricci
1916,ca. 1916,Marco Rodoviário,não figurativo,Rua França Pinto,-23.58823,-46.64382,S,https://www.prefeitura.sp.gov.br/cidade/upload/1313_1382134216.pdf,não consta,DPH/SMC,Marco quilométrico,concreto de pedregulho com argamassa de cimento,não consta,RES. 13/2013,desconhecido,Rua França Pinto (esquina com Rua Domingos de Moraes)
2003,2003,Grande Fita Amarela,não figurativo,Rua Gália,-23.57714,-46.70467,N,não consta,não consta,DPH/SMC,Escultura Abstrata,aço pintado,não consta,não consta,"WEISSMANN, Franz",Rua Gália
1974,1974,Bairro Oriental,não figurativo,Rua Galvão Bueno,-23.56023,-46.6349,N,não consta,não consta,DPH/SMC,Marco,granito,não consta,não consta,desconhecido,"Rua Galvăo Bueno, 83"
1999,1999,Yoshikazu Tanaka,homem,Rua Galvão Bueno,-23.56023,-46.6349,N,não consta,não consta,DPH/SMC,Herma,bronze e concreto,não consta,não consta,desconhecido,"Rua Galvăo Bueno, 83"
1974,1974,Sport Club Corinthians Paulista,não figurativo,Rua José Paulino,-23.53029,-46.63945,N,não consta,não consta,DPH/SMC,Marco,granito e aço escovado,não consta,não consta,desconhecido,Rua José Paulino (esquina com a Rua Cônego Martins)
1945,1945,Tempo,não figurativo,Rua Major Natanael,-23.55427,-46.66704,N,não consta,não consta,DPH/SMC,Estátua,granito,não consta,não consta,"FERRI, Joăo Batista",Rua Major Natanael (muro do Cemitério do Araçá)
1970,197-,Fundadores de Săo Paulo,homem,Rua Manoel da Nóbrega,-23.56855,-46.6491,N,não consta,não consta,DPH/SMC,Grupo escultórico (MONUMENTO),bronze e granito,não consta,não consta,"MORRONE, Luiz",Rua Manoel da Nóbrega (próximo a Avenida Sargento Mário Kozel Filho)
2002,2002,Beato Ludovico Pavoni,homem,Rua Padre Ludovico Zanol,-23.46777,-46.58513,N,não consta,não consta,DPH/SMC,Busto,bronze e granito,não consta,não consta,desconhecido,Praça Beato Padre Ludovico Pavoni
1929,ca. 1929,Nível da Enchente de 1929,não figurativo,Rua Porto Seguro,-23.52267,-46.62751,N,não consta,não consta,DPH/SMC,Placa,bronze e concreto,não consta,não consta,desconhecido,"Rua Porto Seguro, 56 (calçada)"
2018,2018,Uri,homem,Rua Prates,-23.52907,-46.63579,N,não consta,não consta,DPH/SMC,Monumento,aço corten,não consta,não consta,"KIM, Samuel",Canteiro central do cruzamento entre as Ruas Prates e Ribeiro de Lima
1916,ca. 1916,Marco Rodoviário,não figurativo,Rua Silva Bueno,-23.58481,-46.60194,S,https://www.prefeitura.sp.gov.br/cidade/upload/1313_1382134216.pdf,não consta,DPH/SMC,Marco quilométrico,concreto de pedregulho com argamassa de cimento,não consta,RES. 13/2013,desconhecido,Rua Silva Bueno (lado oposto do nº 375)
2014,26/09/2014,Marco Zero do Hiphop,não figurativo,Rua Três de Maio,-23.5999,-46.64206,N,não consta,não consta,DPH/SMC,Marco,granito,não consta,não consta,desconhecido,"Rua 24 de maio, 168 - esquina com a R. Dom José de Barros"
1986,1986,Săo José do Bexiga,homem,Rua Treze de Maio,-23.56242,-46.64575,N,não consta,não consta,DPH/SMC,Estátua,argamassa armada,não consta,não consta,desconhecido,Rua 13 de Maio (escadarias do Bexiga)
1995,1995,Velocidade Alma e Emoçăo,homem,Rua Viário Ayrton Senna Complexo,-23.58717,-46.65595,N,não consta,não consta,DPH/SMC,Escultura Figurativa,bronze e granito,não consta,não consta,"GARCIA, Melinda",Complexo Viário Ayrton Senna
1976,ca. 1976,Guilherme Quandt de Oliveira,homem,Rua Vital de Oliveira,-23.50274,-46.60111,N,não consta,não consta,DPH/SMC,Busto,bronze e cimento,não consta,não consta,"BERTON,I Sérgio",Praça Guilherme Quandt de Oliveira
2016,2016,Rítmica Genética Global,não figurativo,Teatro Raul Cortez,-23.55771,-46.65209,N,não consta,não consta,DPH/SMC,Estátua,bronze concreto e fibra de vidro,não consta,não consta,"DELMANTO, Paula",Praça Raul Cortez
1998,1998,Luís Eduardo Magalhăes,homem,Viaduto Deputado Luís Eduardo Magalhães,-23.63466,-46.66917,N,não consta,não consta,DPH/SMC,Máscara totem,bronze e concreto,não consta,não consta,"FERNANDES, Cláudia",Viaduto Deputado Luís Eduardo Magalhăes
1980,198-,Francisco Mignone,homem,Viaduto do Chá,-23.54623,-46.63835,N,não consta,não consta,DPH/SMC,Herma,bronze e mármore,não consta,não consta,"GIORG, I Bruno",Baixos do Viaduto do Chá (interior do Museu do Teatro Municipal)
2008,2008,Guanabara,não figurativo,Viaduto do Chá,-23.54623,-46.63835,N,não consta,não consta,DPH/SMC,Estátua,granito,não consta,não consta,"FERRI, Joăo Batista",Viaduto do Chá (cabeceira) em frente ao Edifício Matarazzo